Representative,Party,District,Religion,Notes,bioguide,bioguide,bioguide,bioguide,bioguide,bioguide,bioguide,bioguide,bioguide,bioguide,bioguide,bioguide,bioguide,bioguide,bioguide,bioguide,bioguide,bioguide
Aaron Bean,Republican,Florida's 4th,Unspecified Protestant,,B001314,B001314,B001314,B001314,B001314,B001314,B001314,B001314,B001314,B001314,B001314,B001314,B001314,B001314,B001314,B001314,B001314,B001314
Michael Waltz,Republican,Florida's 6th,Unspecified Protestant,,W000823,W000823,W000823,W000823,W000823,W000823,W000823,W000823,W000823,W000823,W000823,W000823,W000823,W000823,W000823,W000823,W000823,W000823
Cory Mills,Republican,Florida's 7th,Unspecified Protestant,,M001216,M001216,M001216,M001216,M001216,M001216,M001216,M001216,M001216,M001216,M001216,M001216,M001216,M001216,M001216,M001216,M001216,M001216
Laurel Lee,Republican,Florida's 15th,Unspecified Protestant,,L000597,L000597,L000597,L000597,L000597,L000597,L000597,L000597,L000597,L000597,L000597,L000597,L000597,L000597,L000597,L000597,L000597,L000597
Byron Donalds,Republican,Florida's 19th,Unspecified Protestant,,D000032,D000032,D000032,D000032,D000032,D000032,D000032,D000032,D000032,D000032,D000032,D000032,D000032,D000032,D000032,D000032,D000032,D000032
Sheila Cherfilus-McCormick,Democratic,Florida's 20th,Unspecified Protestant,,C001127,C001127,C001127,C001127,C001127,C001127,C001127,C001127,C001127,C001127,C001127,C001127,C001127,C001127,C001127,C001127,C001127,C001127
Brian Mast,Republican,Florida's 21st,Unspecified Protestant,,M001199,M001199,M001199,M001199,M001199,M001199,M001199,M001199,M001199,M001199,M001199,M001199,M001199,M001199,M001199,M001199,M001199,M001199
María Elvira Salazar,Republican,Florida's 27th,Unspecified Protestant,Lapsed Catholic,S000168,S000168,S000168,S000168,S000168,S000168,S000168,S000168,S000168,S000168,S000168,S000168,S000168,S000168,S000168,S000168,S000168,S000168
Rich McCormick,Republican,Georgia's 6th,Unspecified Protestant,,M001218,M001218,M001218,M001218,M001218,M001218,M001218,M001218,M001218,M001218,M001218,M001218,M001218,M001218,M001218,M001218,M001218,M001218
Lucy McBath,Democratic,Georgia's 7th,Unspecified Protestant,,M001208,M001208,M001208,M001208,M001208,M001208,M001208,M001208,M001208,M001208,M001208,M001208,M001208,M001208,M001208,M001208,M001208,M001208
Marjorie Taylor Greene,Republican,Georgia's 14th,Unspecified Protestant,Lapsed Catholic,G000596,G000596,G000596,G000596,G000596,G000596,G000596,G000596,G000596,G000596,G000596,G000596,G000596,G000596,G000596,G000596,G000596,G000596
Ed Case,Democratic,Hawaii's 1st,Unspecified Protestant,,C001055,C001055,C001055,C001055,C001055,C001055,C001055,C001055,C001055,C001055,C001055,C001055,C001055,C001055,C001055,C001055,C001055,C001055
Jill Tokuda,Democratic,Hawaii's 2nd,Unspecified Protestant,,T000487,T000487,T000487,T000487,T000487,T000487,T000487,T000487,T000487,T000487,T000487,T000487,T000487,T000487,T000487,T000487,T000487,T000487
Russ Fulcher,Republican,Idaho's 1st,Unspecified Protestant,,F000469,F000469,F000469,F000469,F000469,F000469,F000469,F000469,F000469,F000469,F000469,F000469,F000469,F000469,F000469,F000469,F000469,F000469
Mike Quigley,Democratic,Illinois's 5th,Unspecified Protestant,,Q000023,Q000023,Q000023,Q000023,Q000023,Q000023,Q000023,Q000023,Q000023,Q000023,Q000023,Q000023,Q000023,Q000023,Q000023,Q000023,Q000023,Q000023
Lauren Underwood,Democratic,Illinois's 14th,Unspecified Protestant,,U000040,U000040,U000040,U000040,U000040,U000040,U000040,U000040,U000040,U000040,U000040,U000040,U000040,U000040,U000040,U000040,U000040,U000040
Mary Miller,Republican,Illinois's 15th,Unspecified Protestant,,M001211,M001211,M001211,M001211,M001211,M001211,M001211,M001211,M001211,M001211,M001211,M001211,M001211,M001211,M001211,M001211,M001211,M001211
Eric Sorensen,Democratic,Illinois's 17th,Unspecified Protestant,,S001225,S001225,S001225,S001225,S001225,S001225,S001225,S001225,S001225,S001225,S001225,S001225,S001225,S001225,S001225,S001225,S001225,S001225
Jim Banks,Republican,Indiana's 3rd,Unspecified Protestant,attends Trinity Evangelical Presbyterian Church,B001299,B001299,B001299,B001299,B001299,B001299,B001299,B001299,B001299,B001299,B001299,B001299,B001299,B001299,B001299,B001299,B001299,B001299
Jim Baird,Republican,Indiana's 4th,Unspecified Protestant,,B001307,B001307,B001307,B001307,B001307,B001307,B001307,B001307,B001307,B001307,B001307,B001307,B001307,B001307,B001307,B001307,B001307,B001307
Erin Houchin,Republican,Indiana's 9th,Unspecified Protestant,,H001093,H001093,H001093,H001093,H001093,H001093,H001093,H001093,H001093,H001093,H001093,H001093,H001093,H001093,H001093,H001093,H001093,H001093
Randy Feenstra,Republican,Iowa's 4th,Unspecified Protestant,,F000446,F000446,F000446,F000446,F000446,F000446,F000446,F000446,F000446,F000446,F000446,F000446,F000446,F000446,F000446,F000446,F000446,F000446
Clay Higgins,Republican,Louisiana's 3rd,Unspecified Protestant,,H001077,H001077,H001077,H001077,H001077,H001077,H001077,H001077,H001077,H001077,H001077,H001077,H001077,H001077,H001077,H001077,H001077,H001077
Glenn Ivey,Democratic,Maryland's 4th,Unspecified Protestant,,I000058,I000058,I000058,I000058,I000058,I000058,I000058,I000058,I000058,I000058,I000058,I000058,I000058,I000058,I000058,I000058,I000058,I000058
Katherine Clark,Democratic,Massachusetts's 5th,Unspecified Protestant,,C001101,C001101,C001101,C001101,C001101,C001101,C001101,C001101,C001101,C001101,C001101,C001101,C001101,C001101,C001101,C001101,C001101,C001101
Seth Moulton,Democratic,Massachusetts's 6th,Unspecified Protestant,,M001196,M001196,M001196,M001196,M001196,M001196,M001196,M001196,M001196,M001196,M001196,M001196,M001196,M001196,M001196,M001196,M001196,M001196
John Moolenaar,Republican,Michigan's 2nd,Unspecified Protestant,,M001194,M001194,M001194,M001194,M001194,M001194,M001194,M001194,M001194,M001194,M001194,M001194,M001194,M001194,M001194,M001194,M001194,M001194
Tim Walberg,Republican,Michigan's 5th,Unspecified Protestant,attends churches affiliated with the Church of the United Brethren in Christ,W000798,W000798,W000798,W000798,W000798,W000798,W000798,W000798,W000798,W000798,W000798,W000798,W000798,W000798,W000798,W000798,W000798,W000798
John James,Republican,Michigan's 10th,Unspecified Protestant,,J000307,J000307,J000307,J000307,J000307,J000307,J000307,J000307,J000307,J000307,J000307,J000307,J000307,J000307,J000307,J000307,J000307,J000307
Haley Stevens,Democratic,Michigan's 11th,Unspecified Protestant,,S001215,S001215,S001215,S001215,S001215,S001215,S001215,S001215,S001215,S001215,S001215,S001215,S001215,S001215,S001215,S001215,S001215,S001215
Shri Thanedar,Democratic,Michigan's 13th,Unspecified Protestant,,T000488,T000488,T000488,T000488,T000488,T000488,T000488,T000488,T000488,T000488,T000488,T000488,T000488,T000488,T000488,T000488,T000488,T000488
Mark Alford,Republican,Missouri's 4th,Unspecified Protestant,,A000379,A000379,A000379,A000379,A000379,A000379,A000379,A000379,A000379,A000379,A000379,A000379,A000379,A000379,A000379,A000379,A000379,A000379
Trent Kelly,Republican,Mississippi's 1st,Unspecified Protestant,,K000388,K000388,K000388,K000388,K000388,K000388,K000388,K000388,K000388,K000388,K000388,K000388,K000388,K000388,K000388,K000388,K000388,K000388
Eric Burlison,Republican,Missouri's 7th,Unspecified Protestant,,B001316,B001316,B001316,B001316,B001316,B001316,B001316,B001316,B001316,B001316,B001316,B001316,B001316,B001316,B001316,B001316,B001316,B001316
Don Bacon,Republican,Nebraska's 2nd,Unspecified Protestant,,B001298,B001298,B001298,B001298,B001298,B001298,B001298,B001298,B001298,B001298,B001298,B001298,B001298,B001298,B001298,B001298,B001298,B001298
Adrian Smith,Republican,Nebraska's 3rd,Unspecified Protestant,,S001172,S001172,S001172,S001172,S001172,S001172,S001172,S001172,S001172,S001172,S001172,S001172,S001172,S001172,S001172,S001172,S001172,S001172
Mark Amodei,Republican,Nevada's 2nd,Unspecified Protestant,,A000369,A000369,A000369,A000369,A000369,A000369,A000369,A000369,A000369,A000369,A000369,A000369,A000369,A000369,A000369,A000369,A000369,A000369
Ann McLane Kuster,Democratic,New Hampshire's 2nd,Unspecified Protestant,,K000382,K000382,K000382,K000382,K000382,K000382,K000382,K000382,K000382,K000382,K000382,K000382,K000382,K000382,K000382,K000382,K000382,K000382
Grace Meng,Democratic,New York's 6th,Unspecified Protestant,,M001188,M001188,M001188,M001188,M001188,M001188,M001188,M001188,M001188,M001188,M001188,M001188,M001188,M001188,M001188,M001188,M001188,M001188
Yvette Clarke,Democratic,New York's 9th,Unspecified Protestant,,C001067,C001067,C001067,C001067,C001067,C001067,C001067,C001067,C001067,C001067,C001067,C001067,C001067,C001067,C001067,C001067,C001067,C001067
Ritchie Torres,Democratic,New York's 15th,Unspecified Protestant,Lapsed Catholic,T000486,T000486,T000486,T000486,T000486,T000486,T000486,T000486,T000486,T000486,T000486,T000486,T000486,T000486,T000486,T000486,T000486,T000486
Marc Molinaro,Republican,New York's 19th,Unspecified Protestant,,M001221,M001221,M001221,M001221,M001221,M001221,M001221,M001221,M001221,M001221,M001221,M001221,M001221,M001221,M001221,M001221,M001221,M001221
Brandon Williams,Republican,New York's 22nd,Unspecified Protestant,,W000828,W000828,W000828,W000828,W000828,W000828,W000828,W000828,W000828,W000828,W000828,W000828,W000828,W000828,W000828,W000828,W000828,W000828
Nick Langworthy,Republican,New York's 23rd,Unspecified Protestant,,L000600,L000600,L000600,L000600,L000600,L000600,L000600,L000600,L000600,L000600,L000600,L000600,L000600,L000600,L000600,L000600,L000600,L000600
Richard Hudson,Republican,North Carolina's 9th,Unspecified Protestant,"Identifies as ""Christian"". Attends Crossroads Church (Concord, North Carolina), which is a United Methodist congregation.",H001067,H001067,H001067,H001067,H001067,H001067,H001067,H001067,H001067,H001067,H001067,H001067,H001067,H001067,H001067,H001067,H001067,H001067
Wiley Nickel,Democratic,North Carolina's 13th,Unspecified Protestant,,N000194,N000194,N000194,N000194,N000194,N000194,N000194,N000194,N000194,N000194,N000194,N000194,N000194,N000194,N000194,N000194,N000194,N000194
Jim Jordan,Republican,Ohio's 4th,Unspecified Protestant,,J000289,J000289,J000289,J000289,J000289,J000289,J000289,J000289,J000289,J000289,J000289,J000289,J000289,J000289,J000289,J000289,J000289,J000289
Warren Davidson,Republican,Ohio's 8th,Unspecified Protestant,,D000626,D000626,D000626,D000626,D000626,D000626,D000626,D000626,D000626,D000626,D000626,D000626,D000626,D000626,D000626,D000626,D000626,D000626
Mike Turner,Republican,Ohio's 10th,Unspecified Protestant,,T000463,T000463,T000463,T000463,T000463,T000463,T000463,T000463,T000463,T000463,T000463,T000463,T000463,T000463,T000463,T000463,T000463,T000463
Troy Balderson,Republican,Ohio's 12th,Unspecified Protestant,,B001306,B001306,B001306,B001306,B001306,B001306,B001306,B001306,B001306,B001306,B001306,B001306,B001306,B001306,B001306,B001306,B001306,B001306
Kevin Hern,Republican,Oklahoma's 1st,Unspecified Protestant,,H001082,H001082,H001082,H001082,H001082,H001082,H001082,H001082,H001082,H001082,H001082,H001082,H001082,H001082,H001082,H001082,H001082,H001082
Josh Brecheen,Republican,Oklahoma's 2nd,Unspecified Protestant,,B001317,B001317,B001317,B001317,B001317,B001317,B001317,B001317,B001317,B001317,B001317,B001317,B001317,B001317,B001317,B001317,B001317,B001317
Scott Perry,Republican,Pennsylvania's 10th,Unspecified Protestant,,P000605,P000605,P000605,P000605,P000605,P000605,P000605,P000605,P000605,P000605,P000605,P000605,P000605,P000605,P000605,P000605,P000605,P000605
Summer Lee,Democratic,Pennsylvania's 12th,Unspecified Protestant,,L000602,L000602,L000602,L000602,L000602,L000602,L000602,L000602,L000602,L000602,L000602,L000602,L000602,L000602,L000602,L000602,L000602,L000602
Guy Reschenthaler,Republican,Pennsylvania's 14th,Unspecified Protestant,,R000610,R000610,R000610,R000610,R000610,R000610,R000610,R000610,R000610,R000610,R000610,R000610,R000610,R000610,R000610,R000610,R000610,R000610
Glenn Thompson,Republican,Pennsylvania's 15th,Unspecified Protestant,,T000467,T000467,T000467,T000467,T000467,T000467,T000467,T000467,T000467,T000467,T000467,T000467,T000467,T000467,T000467,T000467,T000467,T000467
William Timmons,Republican,South Carolina's 4th,Unspecified Protestant,,T000480,T000480,T000480,T000480,T000480,T000480,T000480,T000480,T000480,T000480,T000480,T000480,T000480,T000480,T000480,T000480,T000480,T000480
Dusty Johnson,Republican,South Dakota's at-large,Unspecified Protestant,,J000301,J000301,J000301,J000301,J000301,J000301,J000301,J000301,J000301,J000301,J000301,J000301,J000301,J000301,J000301,J000301,J000301,J000301
Andy Ogles,Republican,Tennessee's 5th,Unspecified Protestant,,O000175,O000175,O000175,O000175,O000175,O000175,O000175,O000175,O000175,O000175,O000175,O000175,O000175,O000175,O000175,O000175,O000175,O000175
Mark E. Green,Republican,Tennessee's 7th,Unspecified Protestant,,G000545,G000545,G000545,G000545,G000545,G000545,G000545,G000545,G000545,G000545,G000545,G000545,G000545,G000545,G000545,G000545,G000545,G000545
Keith Self,Republican,Texas's 3rd,Unspecified Protestant,,S001224,S001224,S001224,S001224,S001224,S001224,S001224,S001224,S001224,S001224,S001224,S001224,S001224,S001224,S001224,S001224,S001224,S001224
Jake Ellzey,Republican,Texas's 6th,Unspecified Protestant,,E000071,E000071,E000071,E000071,E000071,E000071,E000071,E000071,E000071,E000071,E000071,E000071,E000071,E000071,E000071,E000071,E000071,E000071
Morgan Luttrell,Republican,Texas's 8th,Unspecified Protestant,,L000603,L000603,L000603,L000603,L000603,L000603,L000603,L000603,L000603,L000603,L000603,L000603,L000603,L000603,L000603,L000603,L000603,L000603
August Pfluger,Republican,Texas's 11th,Unspecified Protestant,,P000048,P000048,P000048,P000048,P000048,P000048,P000048,P000048,P000048,P000048,P000048,P000048,P000048,P000048,P000048,P000048,P000048,P000048
Troy Nehls,Republican,Texas's 22nd,Unspecified Protestant,,N000026,N000026,N000026,N000026,N000026,N000026,N000026,N000026,N000026,N000026,N000026,N000026,N000026,N000026,N000026,N000026,N000026,N000026
Roger Williams,Republican,Texas's 25th,Unspecified Protestant,,W000816,W000816,W000816,W000816,W000816,W000816,W000816,W000816,W000816,W000816,W000816,W000816,W000816,W000816,W000816,W000816,W000816,W000816
Michael Cloud,Republican,Texas's 27th,Unspecified Protestant,,C001115,C001115,C001115,C001115,C001115,C001115,C001115,C001115,C001115,C001115,C001115,C001115,C001115,C001115,C001115,C001115,C001115,C001115
Bob Good,Republican,Virginia's 5th,Unspecified Protestant,,G000595,G000595,G000595,G000595,G000595,G000595,G000595,G000595,G000595,G000595,G000595,G000595,G000595,G000595,G000595,G000595,G000595,G000595
Abigail Spanberger,Democratic,Virginia's 7th,Unspecified Protestant,,S001209,S001209,S001209,S001209,S001209,S001209,S001209,S001209,S001209,S001209,S001209,S001209,S001209,S001209,S001209,S001209,S001209,S001209
Morgan Griffith,Republican,Virginia's 9th,Unspecified Protestant,,G000568,G000568,G000568,G000568,G000568,G000568,G000568,G000568,G000568,G000568,G000568,G000568,G000568,G000568,G000568,G000568,G000568,G000568
Marilyn Strickland,Democratic,Washington's 10th,Unspecified Protestant,,S001159,S001159,S001159,S001159,S001159,S001159,S001159,S001159,S001159,S001159,S001159,S001159,S001159,S001159,S001159,S001159,S001159,S001159
Derrick Van Orden,Republican,Wisconsin's 3rd,Unspecified Protestant,,V000135,V000135,V000135,V000135,V000135,V000135,V000135,V000135,V000135,V000135,V000135,V000135,V000135,V000135,V000135,V000135,V000135,V000135
Tom Tiffany,Republican,Wisconsin's 7th,Unspecified Protestant,,T000165,T000165,T000165,T000165,T000165,T000165,T000165,T000165,T000165,T000165,T000165,T000165,T000165,T000165,T000165,T000165,T000165,T000165
Jerry Carl,Republican,Alabama's 1st,Baptist,,C001054,C001054,C001054,C001054,C001054,C001054,C001054,C001054,C001054,C001054,C001054,C001054,C001054,C001054,C001054,C001054,C001054,C001054
Barry Moore,Republican,Alabama's 2nd,Baptist,,M001212,M001212,M001212,M001212,M001212,M001212,M001212,M001212,M001212,M001212,M001212,M001212,M001212,M001212,M001212,M001212,M001212,M001212
Mike D. Rogers,Republican,Alabama's 3rd,Baptist,,R000572,R000572,R000572,R000572,R000572,R000572,R000572,R000572,R000572,R000572,R000572,R000572,R000572,R000572,R000572,R000572,R000572,R000572
Dale Strong,Republican,Alabama's 5th,Baptist,,S001220,S001220,S001220,S001220,S001220,S001220,S001220,S001220,S001220,S001220,S001220,S001220,S001220,S001220,S001220,S001220,S001220,S001220
Debbie Lesko,Republican,Arizona's 8th,Baptist,,L000589,L000589,L000589,L000589,L000589,L000589,L000589,L000589,L000589,L000589,L000589,L000589,L000589,L000589,L000589,L000589,L000589,L000589
Rick Crawford,Republican,Arkansas's 1st,Baptist,,C001087,C001087,C001087,C001087,C001087,C001087,C001087,C001087,C001087,C001087,C001087,C001087,C001087,C001087,C001087,C001087,C001087,C001087
Steve Womack,Republican,Arkansas's 3rd,Baptist,,W000809,W000809,W000809,W000809,W000809,W000809,W000809,W000809,W000809,W000809,W000809,W000809,W000809,W000809,W000809,W000809,W000809,W000809
Bruce Westerman,Republican,Arkansas's 4th,Baptist,,W000821,W000821,W000821,W000821,W000821,W000821,W000821,W000821,W000821,W000821,W000821,W000821,W000821,W000821,W000821,W000821,W000821,W000821
Tom McClintock,Republican,California's 5th,Baptist,,M001177,M001177,M001177,M001177,M001177,M001177,M001177,M001177,M001177,M001177,M001177,M001177,M001177,M001177,M001177,M001177,M001177,M001177
Barbara Lee,Democratic,California's 12th,Baptist,Lapsed,L000551,L000551,L000551,L000551,L000551,L000551,L000551,L000551,L000551,L000551,L000551,L000551,L000551,L000551,L000551,L000551,L000551,L000551
Matt Gaetz,Republican,Florida's 1st,Baptist,,G000578,G000578,G000578,G000578,G000578,G000578,G000578,G000578,G000578,G000578,G000578,G000578,G000578,G000578,G000578,G000578,G000578,G000578
Maxwell Frost,Democratic,Florida's 10th,Baptist,,F000476,F000476,F000476,F000476,F000476,F000476,F000476,F000476,F000476,F000476,F000476,F000476,F000476,F000476,F000476,F000476,F000476,F000476
Daniel Webster,Republican,Florida's 11th,Baptist,,W000806,W000806,W000806,W000806,W000806,W000806,W000806,W000806,W000806,W000806,W000806,W000806,W000806,W000806,W000806,W000806,W000806,W000806
Vern Buchanan,Republican,Florida's 16th,Baptist,,B001260,B001260,B001260,B001260,B001260,B001260,B001260,B001260,B001260,B001260,B001260,B001260,B001260,B001260,B001260,B001260,B001260,B001260
Sanford Bishop,Democratic,Georgia's 2nd,Baptist,,B000490,B000490,B000490,B000490,B000490,B000490,B000490,B000490,B000490,B000490,B000490,B000490,B000490,B000490,B000490,B000490,B000490,B000490
Austin Scott,Republican,Georgia's 8th,Baptist,,S001189,S001189,S001189,S001189,S001189,S001189,S001189,S001189,S001189,S001189,S001189,S001189,S001189,S001189,S001189,S001189,S001189,S001189
Andrew Clyde,Republican,Georgia's 9th,Baptist,,C001116,C001116,C001116,C001116,C001116,C001116,C001116,C001116,C001116,C001116,C001116,C001116,C001116,C001116,C001116,C001116,C001116,C001116
Barry Loudermilk,Republican,Georgia's 11th,Baptist,,L000583,L000583,L000583,L000583,L000583,L000583,L000583,L000583,L000583,L000583,L000583,L000583,L000583,L000583,L000583,L000583,L000583,L000583
David Scott,Democratic,Georgia's 13th,Baptist,,S001157,S001157,S001157,S001157,S001157,S001157,S001157,S001157,S001157,S001157,S001157,S001157,S001157,S001157,S001157,S001157,S001157,S001157
Jonathan Jackson,Democratic,Illinois's 1st,Baptist,,J000309,J000309,J000309,J000309,J000309,J000309,J000309,J000309,J000309,J000309,J000309,J000309,J000309,J000309,J000309,J000309,J000309,J000309
Danny K. Davis,Democratic,Illinois's 7th,Baptist,,D000096,D000096,D000096,D000096,D000096,D000096,D000096,D000096,D000096,D000096,D000096,D000096,D000096,D000096,D000096,D000096,D000096,D000096
Mike Bost,Republican,Illinois's 12th,Baptist,,B001295,B001295,B001295,B001295,B001295,B001295,B001295,B001295,B001295,B001295,B001295,B001295,B001295,B001295,B001295,B001295,B001295,B001295
Rudy Yakym,Republican,Indiana's 2nd,Baptist,,Y000067,Y000067,Y000067,Y000067,Y000067,Y000067,Y000067,Y000067,Y000067,Y000067,Y000067,Y000067,Y000067,Y000067,Y000067,Y000067,Y000067,Y000067
James Comer,Republican,Kentucky's 1st,Baptist,,C001108,C001108,C001108,C001108,C001108,C001108,C001108,C001108,C001108,C001108,C001108,C001108,C001108,C001108,C001108,C001108,C001108,C001108
Hal Rogers,Republican,Kentucky's 5th,Baptist,,R000395,R000395,R000395,R000395,R000395,R000395,R000395,R000395,R000395,R000395,R000395,R000395,R000395,R000395,R000395,R000395,R000395,R000395
Troy Carter,Democratic,Louisiana's 2nd,Baptist,,C001125,C001125,C001125,C001125,C001125,C001125,C001125,C001125,C001125,C001125,C001125,C001125,C001125,C001125,C001125,C001125,C001125,C001125
Mike Johnson,Republican,Louisiana's 4th,Baptist,,J000299,J000299,J000299,J000299,J000299,J000299,J000299,J000299,J000299,J000299,J000299,J000299,J000299,J000299,J000299,J000299,J000299,J000299
Ayanna Pressley,Democratic,Massachusetts's 7th,Baptist,,P000617,P000617,P000617,P000617,P000617,P000617,P000617,P000617,P000617,P000617,P000617,P000617,P000617,P000617,P000617,P000617,P000617,P000617
Steny Hoyer,Democratic,Maryland's 5th,Baptist,,H000874,H000874,H000874,H000874,H000874,H000874,H000874,H000874,H000874,H000874,H000874,H000874,H000874,H000874,H000874,H000874,H000874,H000874
Sam Graves,Republican,Missouri's 6th,Baptist,,G000546,G000546,G000546,G000546,G000546,G000546,G000546,G000546,G000546,G000546,G000546,G000546,G000546,G000546,G000546,G000546,G000546,G000546
Kweisi Mfume,Democratic,Maryland's 7th,Baptist,,M000687,M000687,M000687,M000687,M000687,M000687,M000687,M000687,M000687,M000687,M000687,M000687,M000687,M000687,M000687,M000687,M000687,M000687
Michael Guest,Republican,Mississippi's 3rd,Baptist,,G000591,G000591,G000591,G000591,G000591,G000591,G000591,G000591,G000591,G000591,G000591,G000591,G000591,G000591,G000591,G000591,G000591,G000591
Mike Ezell,Republican,Mississippi's 4th,Baptist,,E000235,E000235,E000235,E000235,E000235,E000235,E000235,E000235,E000235,E000235,E000235,E000235,E000235,E000235,E000235,E000235,E000235,E000235
Valerie Foushee,Democratic,North Carolina's 4th,Baptist,,F000477,F000477,F000477,F000477,F000477,F000477,F000477,F000477,F000477,F000477,F000477,F000477,F000477,F000477,F000477,F000477,F000477,F000477
David Rouzer,Republican,North Carolina's 7th,Baptist,,R000603,R000603,R000603,R000603,R000603,R000603,R000603,R000603,R000603,R000603,R000603,R000603,R000603,R000603,R000603,R000603,R000603,R000603
Alma Adams,Democratic,North Carolina's 12th,Baptist,,A000370,A000370,A000370,A000370,A000370,A000370,A000370,A000370,A000370,A000370,A000370,A000370,A000370,A000370,A000370,A000370,A000370,A000370
Donald Payne Jr.,Democratic,New Jersey's 10th,Baptist,,P000149,P000149,P000149,P000149,P000149,P000149,P000149,P000149,P000149,P000149,P000149,P000149,P000149,P000149,P000149,P000149,P000149,P000149
Bonnie Watson Coleman,Democratic,New Jersey's 12th,Baptist,,W000822,W000822,W000822,W000822,W000822,W000822,W000822,W000822,W000822,W000822,W000822,W000822,W000822,W000822,W000822,W000822,W000822,W000822
Steven Horsford,Democratic,Nevada's 4th,Baptist,,H001066,H001066,H001066,H001066,H001066,H001066,H001066,H001066,H001066,H001066,H001066,H001066,H001066,H001066,H001066,H001066,H001066,H001066
Hakeem Jeffries,Democratic,New York's 8th,Baptist,,J000294,J000294,J000294,J000294,J000294,J000294,J000294,J000294,J000294,J000294,J000294,J000294,J000294,J000294,J000294,J000294,J000294,J000294
Joyce Beatty,Democratic,Ohio's 3rd,Baptist,,B001281,B001281,B001281,B001281,B001281,B001281,B001281,B001281,B001281,B001281,B001281,B001281,B001281,B001281,B001281,B001281,B001281,B001281
Shontel Brown,Democratic,Ohio's 11th,Baptist,,B001313,B001313,B001313,B001313,B001313,B001313,B001313,B001313,B001313,B001313,B001313,B001313,B001313,B001313,B001313,B001313,B001313,B001313
Emilia Sykes,Democratic,Ohio's 13th,Baptist,,S001223,S001223,S001223,S001223,S001223,S001223,S001223,S001223,S001223,S001223,S001223,S001223,S001223,S001223,S001223,S001223,S001223,S001223
Frank Lucas,Republican,Oklahoma's 3rd,Baptist,,L000491,L000491,L000491,L000491,L000491,L000491,L000491,L000491,L000491,L000491,L000491,L000491,L000491,L000491,L000491,L000491,L000491,L000491
Dwight Evans,Democratic,Pennsylvania's 3rd,Baptist,,E000296,E000296,E000296,E000296,E000296,E000296,E000296,E000296,E000296,E000296,E000296,E000296,E000296,E000296,E000296,E000296,E000296,E000296
Jeff Duncan,Republican,South Carolina's 3rd,Baptist,,D000615,D000615,D000615,D000615,D000615,D000615,D000615,D000615,D000615,D000615,D000615,D000615,D000615,D000615,D000615,D000615,D000615,D000615
Russell Fry,Republican,South Carolina's 7th,Baptist,,F000478,F000478,F000478,F000478,F000478,F000478,F000478,F000478,F000478,F000478,F000478,F000478,F000478,F000478,F000478,F000478,F000478,F000478
Diana Harshbarger,Republican,Tennessee's 1st,Baptist,,H001086,H001086,H001086,H001086,H001086,H001086,H001086,H001086,H001086,H001086,H001086,H001086,H001086,H001086,H001086,H001086,H001086,H001086
Nathaniel Moran,Republican,Texas's 1st,Baptist,,M001224,M001224,M001224,M001224,M001224,M001224,M001224,M001224,M001224,M001224,M001224,M001224,M001224,M001224,M001224,M001224,M001224,M001224
Al Green,Democratic,Texas's 9th,Baptist,,G000553,G000553,G000553,G000553,G000553,G000553,G000553,G000553,G000553,G000553,G000553,G000553,G000553,G000553,G000553,G000553,G000553,G000553
Randy Weber,Republican,Texas's 14th,Baptist,,W000814,W000814,W000814,W000814,W000814,W000814,W000814,W000814,W000814,W000814,W000814,W000814,W000814,W000814,W000814,W000814,W000814,W000814
Chip Roy,Republican,Texas's 21st,Baptist,,R000614,R000614,R000614,R000614,R000614,R000614,R000614,R000614,R000614,R000614,R000614,R000614,R000614,R000614,R000614,R000614,R000614,R000614
Jasmine Crockett,Democratic,Texas's 30th,Baptist,,C001130,C001130,C001130,C001130,C001130,C001130,C001130,C001130,C001130,C001130,C001130,C001130,C001130,C001130,C001130,C001130,C001130,C001130
Marc Veasey,Democratic,Texas's 33rd,Baptist,,V000131,V000131,V000131,V000131,V000131,V000131,V000131,V000131,V000131,V000131,V000131,V000131,V000131,V000131,V000131,V000131,V000131,V000131
Brian Babin,Republican,Texas's 36th,Baptist,,B001291,B001291,B001291,B001291,B001291,B001291,B001291,B001291,B001291,B001291,B001291,B001291,B001291,B001291,B001291,B001291,B001291,B001291
Wesley Hunt,Republican,Texas's 38th,Baptist,,H001095,H001095,H001095,H001095,H001095,H001095,H001095,H001095,H001095,H001095,H001095,H001095,H001095,H001095,H001095,H001095,H001095,H001095
Gwen Moore,Democratic,Wisconsin's 4th,Baptist,,M001160,M001160,M001160,M001160,M001160,M001160,M001160,M001160,M001160,M001160,M001160,M001160,M001160,M001160,M001160,M001160,M001160,M001160
Carol Miller,Republican,West Virginia's 1st,Baptist,,M001205,M001205,M001205,M001205,M001205,M001205,M001205,M001205,M001205,M001205,M001205,M001205,M001205,M001205,M001205,M001205,M001205,M001205
Terri Sewell,Democratic,Alabama's 7th,African Methodist Episcopal,,S001185,S001185,S001185,S001185,S001185,S001185,S001185,S001185,S001185,S001185,S001185,S001185,S001185,S001185,S001185,S001185,S001185,S001185
Doris Matsui,Democratic,California's 7th,Methodist,,M001163,M001163,M001163,M001163,M001163,M001163,M001163,M001163,M001163,M001163,M001163,M001163,M001163,M001163,M001163,M001163,M001163,M001163
Mark Takano,Democratic,California's 39th,Methodist,,T000472,T000472,T000472,T000472,T000472,T000472,T000472,T000472,T000472,T000472,T000472,T000472,T000472,T000472,T000472,T000472,T000472,T000472
Jahana Hayes,Democratic,Connecticut's 5th,Methodist,,H001081,H001081,H001081,H001081,H001081,H001081,H001081,H001081,H001081,H001081,H001081,H001081,H001081,H001081,H001081,H001081,H001081,H001081
Bill Posey,Republican,Florida's 8th,Methodist,,P000599,P000599,P000599,P000599,P000599,P000599,P000599,P000599,P000599,P000599,P000599,P000599,P000599,P000599,P000599,P000599,P000599,P000599
Greg Steube,Republican,Florida's 17th,Methodist,,S001214,S001214,S001214,S001214,S001214,S001214,S001214,S001214,S001214,S001214,S001214,S001214,S001214,S001214,S001214,S001214,S001214,S001214
Buddy Carter,Republican,Georgia's 1st,Methodist,,C001103,C001103,C001103,C001103,C001103,C001103,C001103,C001103,C001103,C001103,C001103,C001103,C001103,C001103,C001103,C001103,C001103,C001103
Nikema Williams,Democratic,Georgia's 5th,Methodist,,W000788,W000788,W000788,W000788,W000788,W000788,W000788,W000788,W000788,W000788,W000788,W000788,W000788,W000788,W000788,W000788,W000788,W000788
Mike Collins,Republican,Georgia's 10th,Methodist,,C001129,C001129,C001129,C001129,C001129,C001129,C001129,C001129,C001129,C001129,C001129,C001129,C001129,C001129,C001129,C001129,C001129,C001129
Rick W. Allen,Republican,Georgia's 12th,Methodist,,A000372,A000372,A000372,A000372,A000372,A000372,A000372,A000372,A000372,A000372,A000372,A000372,A000372,A000372,A000372,A000372,A000372,A000372
Delia Ramirez,Democratic,Illinois's 3rd,Methodist,,R000617,R000617,R000617,R000617,R000617,R000617,R000617,R000617,R000617,R000617,R000617,R000617,R000617,R000617,R000617,R000617,R000617,R000617
Thomas Massie,Republican,Kentucky's 4th,Methodist,,M001184,M001184,M001184,M001184,M001184,M001184,M001184,M001184,M001184,M001184,M001184,M001184,M001184,M001184,M001184,M001184,M001184,M001184
Dutch Ruppersberger,Democratic,Maryland's 2nd,Methodist,,R000576,R000576,R000576,R000576,R000576,R000576,R000576,R000576,R000576,R000576,R000576,R000576,R000576,R000576,R000576,R000576,R000576,R000576
Emanuel Cleaver,Democratic,Missouri's 5th,Methodist,Ordained minister of the United Methodist Church,C001061,C001061,C001061,C001061,C001061,C001061,C001061,C001061,C001061,C001061,C001061,C001061,C001061,C001061,C001061,C001061,C001061,C001061
Bennie Thompson,Democratic,Mississippi's 2nd,Methodist,,T000193,T000193,T000193,T000193,T000193,T000193,T000193,T000193,T000193,T000193,T000193,T000193,T000193,T000193,T000193,T000193,T000193,T000193
Gregory Meeks,Democratic,New York's 5th,Methodist,,M001137,M001137,M001137,M001137,M001137,M001137,M001137,M001137,M001137,M001137,M001137,M001137,M001137,M001137,M001137,M001137,M001137,M001137
Dan Bishop,Republican,North Carolina's 8th,Methodist,,B001311,B001311,B001311,B001311,B001311,B001311,B001311,B001311,B001311,B001311,B001311,B001311,B001311,B001311,B001311,B001311,B001311,B001311
Tom Cole,Republican,Oklahoma's 4th,Methodist,,C001053,C001053,C001053,C001053,C001053,C001053,C001053,C001053,C001053,C001053,C001053,C001053,C001053,C001053,C001053,C001053,C001053,C001053
Jim Clyburn,Democratic,South Carolina's 6th,Methodist,,C000537,C000537,C000537,C000537,C000537,C000537,C000537,C000537,C000537,C000537,C000537,C000537,C000537,C000537,C000537,C000537,C000537,C000537
Dan Crenshaw,Republican,Texas's 2nd,Methodist,,C001120,C001120,C001120,C001120,C001120,C001120,C001120,C001120,C001120,C001120,C001120,C001120,C001120,C001120,C001120,C001120,C001120,C001120
Lizzie Fletcher,Democratic,Texas's 7th,Methodist,,F000468,F000468,F000468,F000468,F000468,F000468,F000468,F000468,F000468,F000468,F000468,F000468,F000468,F000468,F000468,F000468,F000468,F000468
Kay Granger,Republican,Texas's 12th,Methodist,,G000377,G000377,G000377,G000377,G000377,G000377,G000377,G000377,G000377,G000377,G000377,G000377,G000377,G000377,G000377,G000377,G000377,G000377
Pete Sessions,Republican,Texas's 17th,Methodist,,S000250,S000250,S000250,S000250,S000250,S000250,S000250,S000250,S000250,S000250,S000250,S000250,S000250,S000250,S000250,S000250,S000250,S000250
Colin Allred,Democratic,Texas's 32nd,Methodist,,A000376,A000376,A000376,A000376,A000376,A000376,A000376,A000376,A000376,A000376,A000376,A000376,A000376,A000376,A000376,A000376,A000376,A000376
Lloyd Doggett,Democratic,Texas's 37th,Methodist,,D000399,D000399,D000399,D000399,D000399,D000399,D000399,D000399,D000399,D000399,D000399,D000399,D000399,D000399,D000399,D000399,D000399,D000399
Rick Larsen,Democratic,Washington's 2nd,Methodist,,L000560,L000560,L000560,L000560,L000560,L000560,L000560,L000560,L000560,L000560,L000560,L000560,L000560,L000560,L000560,L000560,L000560,L000560
Derek Kilmer,Democratic,Washington's 6th,Methodist,,K000381,K000381,K000381,K000381,K000381,K000381,K000381,K000381,K000381,K000381,K000381,K000381,K000381,K000381,K000381,K000381,K000381,K000381
Gary Palmer,Republican,Alabama's 6th,Presbyterian,,P000609,P000609,P000609,P000609,P000609,P000609,P000609,P000609,P000609,P000609,P000609,P000609,P000609,P000609,P000609,P000609,P000609,P000609
Diana DeGette,Democratic,Colorado's 1st,Presbyterian,,D000197,D000197,D000197,D000197,D000197,D000197,D000197,D000197,D000197,D000197,D000197,D000197,D000197,D000197,D000197,D000197,D000197,D000197
Jim Himes,Democratic,Connecticut's 4th,Presbyterian,,H001047,H001047,H001047,H001047,H001047,H001047,H001047,H001047,H001047,H001047,H001047,H001047,H001047,H001047,H001047,H001047,H001047,H001047
Kathy Castor,Democratic,Florida's 14th,Presbyterian,,C001066,C001066,C001066,C001066,C001066,C001066,C001066,C001066,C001066,C001066,C001066,C001066,C001066,C001066,C001066,C001066,C001066,C001066
Scott Franklin,Republican,Florida's 18th,Presbyterian,,F000472,F000472,F000472,F000472,F000472,F000472,F000472,F000472,F000472,F000472,F000472,F000472,F000472,F000472,F000472,F000472,F000472,F000472
Morgan McGarvey,Democratic,Kentucky's 3rd,Presbyterian,,M001220,M001220,M001220,M001220,M001220,M001220,M001220,M001220,M001220,M001220,M001220,M001220,M001220,M001220,M001220,M001220,M001220,M001220
Julia Letlow,Republican,Louisiana's 5th,Presbyterian,,L000595,L000595,L000595,L000595,L000595,L000595,L000595,L000595,L000595,L000595,L000595,L000595,L000595,L000595,L000595,L000595,L000595,L000595
Andy Kim,Democratic,New Jersey's 3rd,Presbyterian,,K000394,K000394,K000394,K000394,K000394,K000394,K000394,K000394,K000394,K000394,K000394,K000394,K000394,K000394,K000394,K000394,K000394,K000394
Claudia Tenney,Republican,New York's 24th,Presbyterian,,T000478,T000478,T000478,T000478,T000478,T000478,T000478,T000478,T000478,T000478,T000478,T000478,T000478,T000478,T000478,T000478,T000478,T000478
Don Davis,Democratic,North Carolina's 1st,Presbyterian,,D000230,D000230,D000230,D000230,D000230,D000230,D000230,D000230,D000230,D000230,D000230,D000230,D000230,D000230,D000230,D000230,D000230,D000230
Jeff Jackson,Democratic,North Carolina's 14th,Presbyterian,,J000308,J000308,J000308,J000308,J000308,J000308,J000308,J000308,J000308,J000308,J000308,J000308,J000308,J000308,J000308,J000308,J000308,J000308
Joe Wilson,Republican,South Carolina's 2nd,Presbyterian,,W000604,W000604,W000604,W000604,W000604,W000604,W000604,W000604,W000604,W000604,W000604,W000604,W000604,W000604,W000604,W000604,W000604,W000604
Ralph Norman,Republican,South Carolina's 5th,Presbyterian,,N000190,N000190,N000190,N000190,N000190,N000190,N000190,N000190,N000190,N000190,N000190,N000190,N000190,N000190,N000190,N000190,N000190,N000190
Tim Burchett,Republican,Tennessee's 2nd,Presbyterian,,B001309,B001309,B001309,B001309,B001309,B001309,B001309,B001309,B001309,B001309,B001309,B001309,B001309,B001309,B001309,B001309,B001309,B001309
Jodey Arrington,Republican,Texas's 19th,Presbyterian,,A000375,A000375,A000375,A000375,A000375,A000375,A000375,A000375,A000375,A000375,A000375,A000375,A000375,A000375,A000375,A000375,A000375,A000375
Jennifer McClellan,Democratic,Virginia's 4th,Presbyterian,,M001227,M001227,M001227,M001227,M001227,M001227,M001227,M001227,M001227,M001227,M001227,M001227,M001227,M001227,M001227,M001227,M001227,M001227
Dan Newhouse,Republican,Washington's 4th,Presbyterian,,N000189,N000189,N000189,N000189,N000189,N000189,N000189,N000189,N000189,N000189,N000189,N000189,N000189,N000189,N000189,N000189,N000189,N000189
John Duarte,Republican,California's 13th,Episcopalian,,D000633,D000633,D000633,D000633,D000633,D000633,D000633,D000633,D000633,D000633,D000633,D000633,D000633,D000633,D000633,D000633,D000633,D000633
Julia Brownley,Democratic,California's 26th,Episcopalian,,B001285,B001285,B001285,B001285,B001285,B001285,B001285,B001285,B001285,B001285,B001285,B001285,B001285,B001285,B001285,B001285,B001285,B001285
Ken Calvert,Republican,California's 41st,Episcopalian,,C000059,C000059,C000059,C000059,C000059,C000059,C000059,C000059,C000059,C000059,C000059,C000059,C000059,C000059,C000059,C000059,C000059,C000059
Katie Porter,Democratic,California's 47th,Episcopalian,,P000618,P000618,P000618,P000618,P000618,P000618,P000618,P000618,P000618,P000618,P000618,P000618,P000618,P000618,P000618,P000618,P000618,P000618
Frederica Wilson,Democratic,Florida's 24th,Episcopalian,,W000808,W000808,W000808,W000808,W000808,W000808,W000808,W000808,W000808,W000808,W000808,W000808,W000808,W000808,W000808,W000808,W000808,W000808
Andy Barr,Republican,Kentucky's 6th,Episcopalian,,B001282,B001282,B001282,B001282,B001282,B001282,B001282,B001282,B001282,B001282,B001282,B001282,B001282,B001282,B001282,B001282,B001282,B001282
Thomas Kean Jr.,Republican,New Jersey's 7th,Episcopalian,,K000398,K000398,K000398,K000398,K000398,K000398,K000398,K000398,K000398,K000398,K000398,K000398,K000398,K000398,K000398,K000398,K000398,K000398
Scott DesJarlais,Republican,Tennessee's 4th,Episcopalian,,D000616,D000616,D000616,D000616,D000616,D000616,D000616,D000616,D000616,D000616,D000616,D000616,D000616,D000616,D000616,D000616,D000616,D000616
Monica De La Cruz,Republican,Texas's 15th,Episcopalian,,D000594,D000594,D000594,D000594,D000594,D000594,D000594,D000594,D000594,D000594,D000594,D000594,D000594,D000594,D000594,D000594,D000594,D000594
Beth Van Duyne,Republican,Texas's 24th,Episcopalian,,V000134,V000134,V000134,V000134,V000134,V000134,V000134,V000134,V000134,V000134,V000134,V000134,V000134,V000134,V000134,V000134,V000134,V000134
Michael C. Burgess,Republican,Texas's 26th,Episcopalian,,B001248,B001248,B001248,B001248,B001248,B001248,B001248,B001248,B001248,B001248,B001248,B001248,B001248,B001248,B001248,B001248,B001248,B001248
Rob Wittman,Republican,Virginia's 1st,Episcopalian,,W000804,W000804,W000804,W000804,W000804,W000804,W000804,W000804,W000804,W000804,W000804,W000804,W000804,W000804,W000804,W000804,W000804,W000804
Bobby Scott,Democratic,Virginia's 3rd,Episcopalian,,S000185,S000185,S000185,S000185,S000185,S000185,S000185,S000185,S000185,S000185,S000185,S000185,S000185,S000185,S000185,S000185,S000185,S000185
Don Beyer,Democratic,Virginia's 8th,Episcopalian,,B001292,B001292,B001292,B001292,B001292,B001292,B001292,B001292,B001292,B001292,B001292,B001292,B001292,B001292,B001292,B001292,B001292,B001292
Suzan DelBene,Democratic,Washington's 1st,Episcopalian,,D000617,D000617,D000617,D000617,D000617,D000617,D000617,D000617,D000617,D000617,D000617,D000617,D000617,D000617,D000617,D000617,D000617,D000617
Adam Smith,Democratic,Washington's 9th,Episcopalian,,S000510,S000510,S000510,S000510,S000510,S000510,S000510,S000510,S000510,S000510,S000510,S000510,S000510,S000510,S000510,S000510,S000510,S000510
Zoe Lofgren,Democratic,California's 18th,Lutheran,,L000397,L000397,L000397,L000397,L000397,L000397,L000397,L000397,L000397,L000397,L000397,L000397,L000397,L000397,L000397,L000397,L000397,L000397
Sydney Kamlager-Dove,Democratic,California's 37th,Lutheran,,K000400,K000400,K000400,K000400,K000400,K000400,K000400,K000400,K000400,K000400,K000400,K000400,K000400,K000400,K000400,K000400,K000400,K000400
Scott Peters,Democratic,California's 50th,Lutheran,,P000608,P000608,P000608,P000608,P000608,P000608,P000608,P000608,P000608,P000608,P000608,P000608,P000608,P000608,P000608,P000608,P000608,P000608
Larry Bucshon,Republican,Indiana's 8th,Lutheran,,B001275,B001275,B001275,B001275,B001275,B001275,B001275,B001275,B001275,B001275,B001275,B001275,B001275,B001275,B001275,B001275,B001275,B001275
Tracey Mann,Republican,Kansas's 1st,Lutheran (Pietist),,M000871,M000871,M000871,M000871,M000871,M000871,M000871,M000871,M000871,M000871,M000871,M000871,M000871,M000871,M000871,M000871,M000871,M000871
Ron Estes,Republican,Kansas's 4th,Lutheran,,E000298,E000298,E000298,E000298,E000298,E000298,E000298,E000298,E000298,E000298,E000298,E000298,E000298,E000298,E000298,E000298,E000298,E000298
Chellie Pingree,Democratic,Maine's 1st,Lutheran,,P000597,P000597,P000597,P000597,P000597,P000597,P000597,P000597,P000597,P000597,P000597,P000597,P000597,P000597,P000597,P000597,P000597,P000597
David Trone,Democratic,Maryland's 6th,Lutheran,,T000483,T000483,T000483,T000483,T000483,T000483,T000483,T000483,T000483,T000483,T000483,T000483,T000483,T000483,T000483,T000483,T000483,T000483
Jack Bergman,Republican,Michigan's 1st,Lutheran,,B001301,B001301,B001301,B001301,B001301,B001301,B001301,B001301,B001301,B001301,B001301,B001301,B001301,B001301,B001301,B001301,B001301,B001301
Angie Craig,Democratic,Minnesota's 2nd,Lutheran,,C001119,C001119,C001119,C001119,C001119,C001119,C001119,C001119,C001119,C001119,C001119,C001119,C001119,C001119,C001119,C001119,C001119,C001119
Ryan Zinke,Republican,Montana's 1st,Lutheran,,Z000018,Z000018,Z000018,Z000018,Z000018,Z000018,Z000018,Z000018,Z000018,Z000018,Z000018,Z000018,Z000018,Z000018,Z000018,Z000018,Z000018,Z000018
Donald Norcross,Democratic,New Jersey's 1st,Lutheran,,N000188,N000188,N000188,N000188,N000188,N000188,N000188,N000188,N000188,N000188,N000188,N000188,N000188,N000188,N000188,N000188,N000188,N000188
Kelly Armstrong,Republican,North Dakota's at-large,Lutheran,,A000377,A000377,A000377,A000377,A000377,A000377,A000377,A000377,A000377,A000377,A000377,A000377,A000377,A000377,A000377,A000377,A000377,A000377
Lloyd Smucker,Republican,Pennsylvania's 11th,Lutheran,,S001199,S001199,S001199,S001199,S001199,S001199,S001199,S001199,S001199,S001199,S001199,S001199,S001199,S001199,S001199,S001199,S001199,S001199
John Carter,Republican,Texas's 31st,Lutheran,,C001051,C001051,C001051,C001051,C001051,C001051,C001051,C001051,C001051,C001051,C001051,C001051,C001051,C001051,C001051,C001051,C001051,C001051
Glenn Grothman,Republican,Wisconsin's 6th,Lutheran,,G000576,G000576,G000576,G000576,G000576,G000576,G000576,G000576,G000576,G000576,G000576,G000576,G000576,G000576,G000576,G000576,G000576,G000576
Kevin Kiley,Republican,California's 3rd,Nondenominational Protestant,,K000401,K000401,K000401,K000401,K000401,K000401,K000401,K000401,K000401,K000401,K000401,K000401,K000401,K000401,K000401,K000401,K000401,K000401
Lauren Boebert,Republican,Colorado's 3rd,Nondenominational Protestant,,B000825,B000825,B000825,B000825,B000825,B000825,B000825,B000825,B000825,B000825,B000825,B000825,B000825,B000825,B000825,B000825,B000825,B000825
Jason Crow,Democratic,Colorado's 6th,Nondenominational Protestant,,C001121,C001121,C001121,C001121,C001121,C001121,C001121,C001121,C001121,C001121,C001121,C001121,C001121,C001121,C001121,C001121,C001121,C001121
Drew Ferguson,Republican,Georgia's 3rd,Nondenominational Protestant,,F000465,F000465,F000465,F000465,F000465,F000465,F000465,F000465,F000465,F000465,F000465,F000465,F000465,F000465,F000465,F000465,F000465,F000465
Robin Kelly,Democratic,Illinois's 2nd,Nondenominational Protestant,,K000385,K000385,K000385,K000385,K000385,K000385,K000385,K000385,K000385,K000385,K000385,K000385,K000385,K000385,K000385,K000385,K000385,K000385
Ashley Hinson,Republican,Iowa's 2nd,Nondenominational Protestant,,H001091,H001091,H001091,H001091,H001091,H001091,H001091,H001091,H001091,H001091,H001091,H001091,H001091,H001091,H001091,H001091,H001091,H001091
Cori Bush,Democratic,Missouri's 1st,Nondenominational Protestant,Previously worked as a pastor.,B001224,B001224,B001224,B001224,B001224,B001224,B001224,B001224,B001224,B001224,B001224,B001224,B001224,B001224,B001224,B001224,B001224,B001224
Chuck Edwards,Republican,North Carolina's 11th,Nondenominational Protestant,,E000246,E000246,E000246,E000246,E000246,E000246,E000246,E000246,E000246,E000246,E000246,E000246,E000246,E000246,E000246,E000246,E000246,E000246
Nancy Mace,Republican,South Carolina's 1st,Nondenominational Protestant,,M000194,M000194,M000194,M000194,M000194,M000194,M000194,M000194,M000194,M000194,M000194,M000194,M000194,M000194,M000194,M000194,M000194,M000194
Marie Gluesenkamp Perez,Democratic,Washington's 3rd,Nondenominational Protestant,,G000600,G000600,G000600,G000600,G000600,G000600,G000600,G000600,G000600,G000600,G000600,G000600,G000600,G000600,G000600,G000600,G000600,G000600
Cathy McMorris Rodgers,Republican,Washington's 5th,Nondenominational Protestant,,M001159,M001159,M001159,M001159,M001159,M001159,M001159,M001159,M001159,M001159,M001159,M001159,M001159,M001159,M001159,M001159,M001159,M001159
Harriet Hageman,Republican,Wyoming's at-large,Nondenominational Protestant,,H001096,H001096,H001096,H001096,H001096,H001096,H001096,H001096,H001096,H001096,H001096,H001096,H001096,H001096,H001096,H001096,H001096,H001096
Lance Gooden,Republican,Texas's 5th,Restorationist,Misidentified as a Congregationalist in the Pew Report.,G000589,G000589,G000589,G000589,G000589,G000589,G000589,G000589,G000589,G000589,G000589,G000589,G000589,G000589,G000589,G000589,G000589,G000589
Brett Guthrie,Republican,Kentucky's 2nd,Restorationist,,G000558,G000558,G000558,G000558,G000558,G000558,G000558,G000558,G000558,G000558,G000558,G000558,G000558,G000558,G000558,G000558,G000558,G000558
John Rose,Republican,Tennessee's 6th,Restorationist,"Raised Southern Baptist. Classified as an ""Unspecified Protestant"" in the Pew Report.",R000612,R000612,R000612,R000612,R000612,R000612,R000612,R000612,R000612,R000612,R000612,R000612,R000612,R000612,R000612,R000612,R000612,R000612
Ronny Jackson,Republican,Texas's 13th,Restorationist,,J000304,J000304,J000304,J000304,J000304,J000304,J000304,J000304,J000304,J000304,J000304,J000304,J000304,J000304,J000304,J000304,J000304,J000304
Representative,Party,District,Religion,Notes,,,,,,,,,,,,,,,,,,
Hillary Scholten,Democratic,Michigan's 3rd,Reformed,,S001221,S001221,S001221,S001221,S001221,S001221,S001221,S001221,S001221,S001221,S001221,S001221,S001221,S001221,S001221,S001221,S001221,S001221
Bill Huizenga,Republican,Michigan's 4th,Reformed,,H001058,H001058,H001058,H001058,H001058,H001058,H001058,H001058,H001058,H001058,H001058,H001058,H001058,H001058,H001058,H001058,H001058,H001058
Raul Ruiz,Democratic,California's 25th,Seventh-day Adventist,,R000599,R000599,R000599,R000599,R000599,R000599,R000599,R000599,R000599,R000599,R000599,R000599,R000599,R000599,R000599,R000599,R000599,R000599
Sheila Jackson Lee,Democratic,Texas's 18th,Seventh-day Adventist,,J000032,J000032,J000032,J000032,J000032,J000032,J000032,J000032,J000032,J000032,J000032,J000032,J000032,J000032,J000032,J000032,J000032,J000032
Jason Smith,Republican,Missouri's 8th,Pentecostal,,S001195,S001195,S001195,S001195,S001195,S001195,S001195,S001195,S001195,S001195,S001195,S001195,S001195,S001195,S001195,S001195,S001195,S001195
Robert Aderholt,Republican,Alabama's 4th,Congregationalist,,A000055,A000055,A000055,A000055,A000055,A000055,A000055,A000055,A000055,A000055,A000055,A000055,A000055,A000055,A000055,A000055,A000055,A000055
Anna Eshoo,Democratic,California's 16th,Eastern Catholic,Chaldean Catholic,E000215,E000215,E000215,E000215,E000215,E000215,E000215,E000215,E000215,E000215,E000215,E000215,E000215,E000215,E000215,E000215,E000215,E000215
David Schweikert,Republican,Arizona's 1st,Latin Catholic,,S001183,S001183,S001183,S001183,S001183,S001183,S001183,S001183,S001183,S001183,S001183,S001183,S001183,S001183,S001183,S001183,S001183,S001183
Ruben Gallego,Democratic,Arizona's 3rd,Latin Catholic,,G000574,G000574,G000574,G000574,G000574,G000574,G000574,G000574,G000574,G000574,G000574,G000574,G000574,G000574,G000574,G000574,G000574,G000574
Greg Stanton,Democratic,Arizona's 4th,Latin Catholic,,S001211,S001211,S001211,S001211,S001211,S001211,S001211,S001211,S001211,S001211,S001211,S001211,S001211,S001211,S001211,S001211,S001211,S001211
Raúl Grijalva,Democratic,Arizona's 7th,Latin Catholic,,G000551,G000551,G000551,G000551,G000551,G000551,G000551,G000551,G000551,G000551,G000551,G000551,G000551,G000551,G000551,G000551,G000551,G000551
Paul Gosar,Republican,Arizona's 9th,Latin Catholic,,G000565,G000565,G000565,G000565,G000565,G000565,G000565,G000565,G000565,G000565,G000565,G000565,G000565,G000565,G000565,G000565,G000565,G000565
French Hill,Republican,Arkansas's 2nd,Latin Catholic,,H001072,H001072,H001072,H001072,H001072,H001072,H001072,H001072,H001072,H001072,H001072,H001072,H001072,H001072,H001072,H001072,H001072,H001072
Mike Thompson,Democratic,California's 4th,Latin Catholic,,T000194,T000194,T000194,T000194,T000194,T000194,T000194,T000194,T000194,T000194,T000194,T000194,T000194,T000194,T000194,T000194,T000194,T000194
Mark DeSaulnier,Democratic,California's 10th,Latin Catholic,,D000623,D000623,D000623,D000623,D000623,D000623,D000623,D000623,D000623,D000623,D000623,D000623,D000623,D000623,D000623,D000623,D000623,D000623
Nancy Pelosi,Democratic,California's 11th,Latin Catholic,,P000197,P000197,P000197,P000197,P000197,P000197,P000197,P000197,P000197,P000197,P000197,P000197,P000197,P000197,P000197,P000197,P000197,P000197
Kevin Mullin,Democratic,California's 15th,Latin Catholic,,M001225,M001225,M001225,M001225,M001225,M001225,M001225,M001225,M001225,M001225,M001225,M001225,M001225,M001225,M001225,M001225,M001225,M001225
Jimmy Panetta,Democratic,California's 19th,Latin Catholic,,P000613,P000613,P000613,P000613,P000613,P000613,P000613,P000613,P000613,P000613,P000613,P000613,P000613,P000613,P000613,P000613,P000613,P000613
Jim Costa,Democratic,California's 21st,Latin Catholic,,C001059,C001059,C001059,C001059,C001059,C001059,C001059,C001059,C001059,C001059,C001059,C001059,C001059,C001059,C001059,C001059,C001059,C001059
David Valadao,Republican,California's 22nd,Latin Catholic,,V000129,V000129,V000129,V000129,V000129,V000129,V000129,V000129,V000129,V000129,V000129,V000129,V000129,V000129,V000129,V000129,V000129,V000129
Salud Carbajal,Democratic,California's 24th,Latin Catholic,,C001112,C001112,C001112,C001112,C001112,C001112,C001112,C001112,C001112,C001112,C001112,C001112,C001112,C001112,C001112,C001112,C001112,C001112
Grace Napolitano,Democratic,California's 31st,Latin Catholic,,N000179,N000179,N000179,N000179,N000179,N000179,N000179,N000179,N000179,N000179,N000179,N000179,N000179,N000179,N000179,N000179,N000179,N000179
Pete Aguilar,Democratic,California's 33rd,Latin Catholic,,A000371,A000371,A000371,A000371,A000371,A000371,A000371,A000371,A000371,A000371,A000371,A000371,A000371,A000371,A000371,A000371,A000371,A000371
Jimmy Gomez,Democratic,California's 34th,Latin Catholic,,G000585,G000585,G000585,G000585,G000585,G000585,G000585,G000585,G000585,G000585,G000585,G000585,G000585,G000585,G000585,G000585,G000585,G000585
Norma Torres,Democratic,California's 35th,Latin Catholic,,T000474,T000474,T000474,T000474,T000474,T000474,T000474,T000474,T000474,T000474,T000474,T000474,T000474,T000474,T000474,T000474,T000474,T000474
Ted Lieu,Democratic,California's 36th,Latin Catholic,,L000582,L000582,L000582,L000582,L000582,L000582,L000582,L000582,L000582,L000582,L000582,L000582,L000582,L000582,L000582,L000582,L000582,L000582
Linda Sánchez,Democratic,California's 38th,Latin Catholic,,S001156,S001156,S001156,S001156,S001156,S001156,S001156,S001156,S001156,S001156,S001156,S001156,S001156,S001156,S001156,S001156,S001156,S001156
Robert Garcia,Democratic,California's 42nd,Latin Catholic,,G000598,G000598,G000598,G000598,G000598,G000598,G000598,G000598,G000598,G000598,G000598,G000598,G000598,G000598,G000598,G000598,G000598,G000598
Nanette Barragán,Democratic,California's 44th,Latin Catholic,,B001300,B001300,B001300,B001300,B001300,B001300,B001300,B001300,B001300,B001300,B001300,B001300,B001300,B001300,B001300,B001300,B001300,B001300
Lou Correa,Democratic,California's 46th,Latin Catholic,,C001110,C001110,C001110,C001110,C001110,C001110,C001110,C001110,C001110,C001110,C001110,C001110,C001110,C001110,C001110,C001110,C001110,C001110
Mike Levin,Democratic,California's 49th,Latin Catholic,Also raised Jewish.,L000593,L000593,L000593,L000593,L000593,L000593,L000593,L000593,L000593,L000593,L000593,L000593,L000593,L000593,L000593,L000593,L000593,L000593
Juan Vargas,Democratic,California's 52nd,Latin Catholic,,V000130,V000130,V000130,V000130,V000130,V000130,V000130,V000130,V000130,V000130,V000130,V000130,V000130,V000130,V000130,V000130,V000130,V000130
Yadira Caraveo,Democratic,Colorado's 8th,Latin Catholic,,C001134,C001134,C001134,C001134,C001134,C001134,C001134,C001134,C001134,C001134,C001134,C001134,C001134,C001134,C001134,C001134,C001134,C001134
John B. Larson,Democratic,Connecticut's 1st,Latin Catholic,,L000557,L000557,L000557,L000557,L000557,L000557,L000557,L000557,L000557,L000557,L000557,L000557,L000557,L000557,L000557,L000557,L000557,L000557
Joe Courtney,Democratic,Connecticut's 2nd,Latin Catholic,,C001069,C001069,C001069,C001069,C001069,C001069,C001069,C001069,C001069,C001069,C001069,C001069,C001069,C001069,C001069,C001069,C001069,C001069
Rosa DeLauro,Democratic,Connecticut's 3rd,Latin Catholic,,D000216,D000216,D000216,D000216,D000216,D000216,D000216,D000216,D000216,D000216,D000216,D000216,D000216,D000216,D000216,D000216,D000216,D000216
Neal Dunn,Republican,Florida's 2nd,Latin Catholic,,D000628,D000628,D000628,D000628,D000628,D000628,D000628,D000628,D000628,D000628,D000628,D000628,D000628,D000628,D000628,D000628,D000628,D000628
John Rutherford,Republican,Florida's 5th,Latin Catholic,,R000609,R000609,R000609,R000609,R000609,R000609,R000609,R000609,R000609,R000609,R000609,R000609,R000609,R000609,R000609,R000609,R000609,R000609
Darren Soto,Democratic,Florida's 9th,Latin Catholic,,S001200,S001200,S001200,S001200,S001200,S001200,S001200,S001200,S001200,S001200,S001200,S001200,S001200,S001200,S001200,S001200,S001200,S001200
Mario Díaz-Balart,Republican,Florida's 26th,Latin Catholic,,D000600,D000600,D000600,D000600,D000600,D000600,D000600,D000600,D000600,D000600,D000600,D000600,D000600,D000600,D000600,D000600,D000600,D000600
Carlos A. Giménez,Republican,Florida's 28th,Latin Catholic,,G000593,G000593,G000593,G000593,G000593,G000593,G000593,G000593,G000593,G000593,G000593,G000593,G000593,G000593,G000593,G000593,G000593,G000593
"Jesús ""Chuy"" García",Democratic,Illinois's 4th,Latin Catholic,,G000586,G000586,G000586,G000586,G000586,G000586,G000586,G000586,G000586,G000586,G000586,G000586,G000586,G000586,G000586,G000586,G000586,G000586
Darin LaHood,Republican,Illinois's 16th,Latin Catholic,,L000585,L000585,L000585,L000585,L000585,L000585,L000585,L000585,L000585,L000585,L000585,L000585,L000585,L000585,L000585,L000585,L000585,L000585
Frank J. Mrvan,Democratic,Indiana's 1st,Latin Catholic,,M001214,M001214,M001214,M001214,M001214,M001214,M001214,M001214,M001214,M001214,M001214,M001214,M001214,M001214,M001214,M001214,M001214,M001214
Greg Pence,Republican,Indiana's 6th,Latin Catholic,,P000615,P000615,P000615,P000615,P000615,P000615,P000615,P000615,P000615,P000615,P000615,P000615,P000615,P000615,P000615,P000615,P000615,P000615
Mariannette Miller-Meeks,Republican,Iowa's 1st,Latin Catholic,,M001215,M001215,M001215,M001215,M001215,M001215,M001215,M001215,M001215,M001215,M001215,M001215,M001215,M001215,M001215,M001215,M001215,M001215
Zach Nunn,Republican,Iowa's 3rd,Latin Catholic,,N000193,N000193,N000193,N000193,N000193,N000193,N000193,N000193,N000193,N000193,N000193,N000193,N000193,N000193,N000193,N000193,N000193,N000193
Jake LaTurner,Republican,Kansas's 2nd,Latin Catholic,,L000266,L000266,L000266,L000266,L000266,L000266,L000266,L000266,L000266,L000266,L000266,L000266,L000266,L000266,L000266,L000266,L000266,L000266
Steve Scalise,Republican,Louisiana's 1st,Latin Catholic,,S001176,S001176,S001176,S001176,S001176,S001176,S001176,S001176,S001176,S001176,S001176,S001176,S001176,S001176,S001176,S001176,S001176,S001176
Garret Graves,Republican,Louisiana's 6th,Latin Catholic,,G000577,G000577,G000577,G000577,G000577,G000577,G000577,G000577,G000577,G000577,G000577,G000577,G000577,G000577,G000577,G000577,G000577,G000577
Andy Harris,Republican,Maryland's 1st,Latin Catholic,,H001052,H001052,H001052,H001052,H001052,H001052,H001052,H001052,H001052,H001052,H001052,H001052,H001052,H001052,H001052,H001052,H001052,H001052
Richard Neal,Democratic,Massachusetts's 1st,Latin Catholic,,N000015,N000015,N000015,N000015,N000015,N000015,N000015,N000015,N000015,N000015,N000015,N000015,N000015,N000015,N000015,N000015,N000015,N000015
Jim McGovern,Democratic,Massachusetts's 2nd,Latin Catholic,,M000312,M000312,M000312,M000312,M000312,M000312,M000312,M000312,M000312,M000312,M000312,M000312,M000312,M000312,M000312,M000312,M000312,M000312
Lori Trahan,Democratic,Massachusetts's 3rd,Latin Catholic,,T000482,T000482,T000482,T000482,T000482,T000482,T000482,T000482,T000482,T000482,T000482,T000482,T000482,T000482,T000482,T000482,T000482,T000482
Stephen F. Lynch,Democratic,Massachusetts's 8th,Latin Catholic,,L000562,L000562,L000562,L000562,L000562,L000562,L000562,L000562,L000562,L000562,L000562,L000562,L000562,L000562,L000562,L000562,L000562,L000562
Bill Keating,Democratic,Massachusetts's 9th,Latin Catholic,,K000037,K000037,K000037,K000037,K000037,K000037,K000037,K000037,K000037,K000037,K000037,K000037,K000037,K000037,K000037,K000037,K000037,K000037
Debbie Dingell,Democratic,Michigan's 6th,Latin Catholic,,D000624,D000624,D000624,D000624,D000624,D000624,D000624,D000624,D000624,D000624,D000624,D000624,D000624,D000624,D000624,D000624,D000624,D000624
Dan Kildee,Democratic,Michigan's 8th,Latin Catholic,,K000380,K000380,K000380,K000380,K000380,K000380,K000380,K000380,K000380,K000380,K000380,K000380,K000380,K000380,K000380,K000380,K000380,K000380
Lisa McClain,Republican,Michigan's 9th,Latin Catholic,,M001136,M001136,M001136,M001136,M001136,M001136,M001136,M001136,M001136,M001136,M001136,M001136,M001136,M001136,M001136,M001136,M001136,M001136
Brad Finstad,Republican,Minnesota's 1st,Latin Catholic,,F000475,F000475,F000475,F000475,F000475,F000475,F000475,F000475,F000475,F000475,F000475,F000475,F000475,F000475,F000475,F000475,F000475,F000475
Betty McCollum,Democratic,Minnesota's 4th,Latin Catholic,,M001143,M001143,M001143,M001143,M001143,M001143,M001143,M001143,M001143,M001143,M001143,M001143,M001143,M001143,M001143,M001143,M001143,M001143
Tom Emmer,Republican,Minnesota's 6th,Latin Catholic,,E000294,E000294,E000294,E000294,E000294,E000294,E000294,E000294,E000294,E000294,E000294,E000294,E000294,E000294,E000294,E000294,E000294,E000294
Michelle Fischbach,Republican,Minnesota's 7th,Latin Catholic,,F000470,F000470,F000470,F000470,F000470,F000470,F000470,F000470,F000470,F000470,F000470,F000470,F000470,F000470,F000470,F000470,F000470,F000470
Pete Stauber,Republican,Minnesota's 8th,Latin Catholic,,S001212,S001212,S001212,S001212,S001212,S001212,S001212,S001212,S001212,S001212,S001212,S001212,S001212,S001212,S001212,S001212,S001212,S001212
Ann Wagner,Republican,Missouri's 2nd,Latin Catholic,,W000812,W000812,W000812,W000812,W000812,W000812,W000812,W000812,W000812,W000812,W000812,W000812,W000812,W000812,W000812,W000812,W000812,W000812
Blaine Luetkemeyer,Republican,Missouri's 3rd,Latin Catholic,,L000569,L000569,L000569,L000569,L000569,L000569,L000569,L000569,L000569,L000569,L000569,L000569,L000569,L000569,L000569,L000569,L000569,L000569
Matt Rosendale,Republican,Montana's 2nd,Latin Catholic,,R000103,R000103,R000103,R000103,R000103,R000103,R000103,R000103,R000103,R000103,R000103,R000103,R000103,R000103,R000103,R000103,R000103,R000103
Mike Flood,Republican,Nebraska's 1st,Latin Catholic,,F000474,F000474,F000474,F000474,F000474,F000474,F000474,F000474,F000474,F000474,F000474,F000474,F000474,F000474,F000474,F000474,F000474,F000474
Susie Lee,Democratic,Nevada's 3rd,Latin Catholic,,L000590,L000590,L000590,L000590,L000590,L000590,L000590,L000590,L000590,L000590,L000590,L000590,L000590,L000590,L000590,L000590,L000590,L000590
Jeff Van Drew,Republican,New Jersey's 2nd,Latin Catholic,,V000133,V000133,V000133,V000133,V000133,V000133,V000133,V000133,V000133,V000133,V000133,V000133,V000133,V000133,V000133,V000133,V000133,V000133
Chris Smith,Republican,New Jersey's 4th,Latin Catholic,,S000522,S000522,S000522,S000522,S000522,S000522,S000522,S000522,S000522,S000522,S000522,S000522,S000522,S000522,S000522,S000522,S000522,S000522
Frank Pallone,Democratic,New Jersey's 6th,Latin Catholic,,P000034,P000034,P000034,P000034,P000034,P000034,P000034,P000034,P000034,P000034,P000034,P000034,P000034,P000034,P000034,P000034,P000034,P000034
Rob Menendez,Democratic,New Jersey's 8th,Latin Catholic,,M000639,M000639,M000639,M000639,M000639,M000639,M000639,M000639,M000639,M000639,M000639,M000639,M000639,M000639,M000639,M000639,M000639,M000639
Bill Pascrell,Democratic,New Jersey's 9th,Latin Catholic,,P000096,P000096,P000096,P000096,P000096,P000096,P000096,P000096,P000096,P000096,P000096,P000096,P000096,P000096,P000096,P000096,P000096,P000096
Mikie Sherrill,Democratic,New Jersey's 11th,Latin Catholic,,S001207,S001207,S001207,S001207,S001207,S001207,S001207,S001207,S001207,S001207,S001207,S001207,S001207,S001207,S001207,S001207,S001207,S001207
Gabe Vasquez,Democratic,New Mexico's 2nd,Latin Catholic,,V000136,V000136,V000136,V000136,V000136,V000136,V000136,V000136,V000136,V000136,V000136,V000136,V000136,V000136,V000136,V000136,V000136,V000136
Teresa Leger Fernandez,Democratic,New Mexico's 3rd,Latin Catholic,,L000273,L000273,L000273,L000273,L000273,L000273,L000273,L000273,L000273,L000273,L000273,L000273,L000273,L000273,L000273,L000273,L000273,L000273
Nick LaLota,Republican,New York's 1st,Latin Catholic,,L000598,L000598,L000598,L000598,L000598,L000598,L000598,L000598,L000598,L000598,L000598,L000598,L000598,L000598,L000598,L000598,L000598,L000598
Andrew Garbarino,Republican,New York's 2nd,Latin Catholic,,G000597,G000597,G000597,G000597,G000597,G000597,G000597,G000597,G000597,G000597,G000597,G000597,G000597,G000597,G000597,G000597,G000597,G000597
Anthony D'Esposito,Republican,New York's 4th,Latin Catholic,,D000632,D000632,D000632,D000632,D000632,D000632,D000632,D000632,D000632,D000632,D000632,D000632,D000632,D000632,D000632,D000632,D000632,D000632
Nydia Velázquez,Democratic,New York's 7th,Latin Catholic,,V000081,V000081,V000081,V000081,V000081,V000081,V000081,V000081,V000081,V000081,V000081,V000081,V000081,V000081,V000081,V000081,V000081,V000081
Adriano Espaillat,Democratic,New York's 13th,Latin Catholic,,E000297,E000297,E000297,E000297,E000297,E000297,E000297,E000297,E000297,E000297,E000297,E000297,E000297,E000297,E000297,E000297,E000297,E000297
Alexandria Ocasio-Cortez,Democratic,New York's 14th,Latin Catholic,,O000172,O000172,O000172,O000172,O000172,O000172,O000172,O000172,O000172,O000172,O000172,O000172,O000172,O000172,O000172,O000172,O000172,O000172
Mike Lawler,Republican,New York's 17th,Latin Catholic,,L000599,L000599,L000599,L000599,L000599,L000599,L000599,L000599,L000599,L000599,L000599,L000599,L000599,L000599,L000599,L000599,L000599,L000599
Pat Ryan,Democratic,New York's 18th,Latin Catholic,,R000579,R000579,R000579,R000579,R000579,R000579,R000579,R000579,R000579,R000579,R000579,R000579,R000579,R000579,R000579,R000579,R000579,R000579
Paul Tonko,Democratic,New York's 20th,Latin Catholic,,T000469,T000469,T000469,T000469,T000469,T000469,T000469,T000469,T000469,T000469,T000469,T000469,T000469,T000469,T000469,T000469,T000469,T000469
Elise Stefanik,Republican,New York's 21st,Latin Catholic,,S001196,S001196,S001196,S001196,S001196,S001196,S001196,S001196,S001196,S001196,S001196,S001196,S001196,S001196,S001196,S001196,S001196,S001196
Joseph Morelle,Democratic,New York's 25th,Latin Catholic,,M001206,M001206,M001206,M001206,M001206,M001206,M001206,M001206,M001206,M001206,M001206,M001206,M001206,M001206,M001206,M001206,M001206,M001206
Brian Higgins,Democratic,New York's 26th,Latin Catholic,,H001038,H001038,H001038,H001038,H001038,H001038,H001038,H001038,H001038,H001038,H001038,H001038,H001038,H001038,H001038,H001038,H001038,H001038
Greg Murphy,Republican,North Carolina's 3rd,Latin Catholic,,M001210,M001210,M001210,M001210,M001210,M001210,M001210,M001210,M001210,M001210,M001210,M001210,M001210,M001210,M001210,M001210,M001210,M001210
Virginia Foxx,Republican,North Carolina's 5th,Latin Catholic,,F000450,F000450,F000450,F000450,F000450,F000450,F000450,F000450,F000450,F000450,F000450,F000450,F000450,F000450,F000450,F000450,F000450,F000450
Patrick McHenry,Republican,North Carolina's 10th,Latin Catholic,,M001156,M001156,M001156,M001156,M001156,M001156,M001156,M001156,M001156,M001156,M001156,M001156,M001156,M001156,M001156,M001156,M001156,M001156
Brad Wenstrup,Republican,Ohio's 2nd,Latin Catholic,,W000815,W000815,W000815,W000815,W000815,W000815,W000815,W000815,W000815,W000815,W000815,W000815,W000815,W000815,W000815,W000815,W000815,W000815
Bob Latta,Republican,Ohio's 5th,Latin Catholic,,L000566,L000566,L000566,L000566,L000566,L000566,L000566,L000566,L000566,L000566,L000566,L000566,L000566,L000566,L000566,L000566,L000566,L000566
Marcy Kaptur,Democratic,Ohio's 9th,Latin Catholic,,K000009,K000009,K000009,K000009,K000009,K000009,K000009,K000009,K000009,K000009,K000009,K000009,K000009,K000009,K000009,K000009,K000009,K000009
David Joyce,Republican,Ohio's 14th,Latin Catholic,,J000295,J000295,J000295,J000295,J000295,J000295,J000295,J000295,J000295,J000295,J000295,J000295,J000295,J000295,J000295,J000295,J000295,J000295
Mike Carey,Republican,Ohio's 15th,Latin Catholic,,C001126,C001126,C001126,C001126,C001126,C001126,C001126,C001126,C001126,C001126,C001126,C001126,C001126,C001126,C001126,C001126,C001126,C001126
Stephanie Bice,Republican,Oklahoma's 5th,Latin Catholic,Convert,B000740,B000740,B000740,B000740,B000740,B000740,B000740,B000740,B000740,B000740,B000740,B000740,B000740,B000740,B000740,B000740,B000740,B000740
Cliff Bentz,Republican,Oregon's 2nd,Latin Catholic,,B000668,B000668,B000668,B000668,B000668,B000668,B000668,B000668,B000668,B000668,B000668,B000668,B000668,B000668,B000668,B000668,B000668,B000668
Val Hoyle,Democratic,Oregon's 4th,Latin Catholic,,H001094,H001094,H001094,H001094,H001094,H001094,H001094,H001094,H001094,H001094,H001094,H001094,H001094,H001094,H001094,H001094,H001094,H001094
Lori Chavez-DeRemer,Republican,Oregon's 5th,Latin Catholic,,C001135,C001135,C001135,C001135,C001135,C001135,C001135,C001135,C001135,C001135,C001135,C001135,C001135,C001135,C001135,C001135,C001135,C001135
Andrea Salinas,Democratic,Oregon's 6th,Latin Catholic,,S001226,S001226,S001226,S001226,S001226,S001226,S001226,S001226,S001226,S001226,S001226,S001226,S001226,S001226,S001226,S001226,S001226,S001226
Brian Fitzpatrick,Republican,Pennsylvania's 1st,Latin Catholic,,F000466,F000466,F000466,F000466,F000466,F000466,F000466,F000466,F000466,F000466,F000466,F000466,F000466,F000466,F000466,F000466,F000466,F000466
Brendan Boyle,Democratic,Pennsylvania's 2nd,Latin Catholic,,B001296,B001296,B001296,B001296,B001296,B001296,B001296,B001296,B001296,B001296,B001296,B001296,B001296,B001296,B001296,B001296,B001296,B001296
Madeleine Dean,Democratic,Pennsylvania's 4th,Latin Catholic,,D000631,D000631,D000631,D000631,D000631,D000631,D000631,D000631,D000631,D000631,D000631,D000631,D000631,D000631,D000631,D000631,D000631,D000631
Mary Gay Scanlon,Democratic,Pennsylvania's 5th,Latin Catholic,,S001205,S001205,S001205,S001205,S001205,S001205,S001205,S001205,S001205,S001205,S001205,S001205,S001205,S001205,S001205,S001205,S001205,S001205
Matt Cartwright,Democratic,Pennsylvania's 8th,Latin Catholic,,C001090,C001090,C001090,C001090,C001090,C001090,C001090,C001090,C001090,C001090,C001090,C001090,C001090,C001090,C001090,C001090,C001090,C001090
Dan Meuser,Republican,Pennsylvania's 9th,Latin Catholic,,M001204,M001204,M001204,M001204,M001204,M001204,M001204,M001204,M001204,M001204,M001204,M001204,M001204,M001204,M001204,M001204,M001204,M001204
John Joyce,Republican,Pennsylvania's 13th,Latin Catholic,,J000302,J000302,J000302,J000302,J000302,J000302,J000302,J000302,J000302,J000302,J000302,J000302,J000302,J000302,J000302,J000302,J000302,J000302
Mike Kelly,Republican,Pennsylvania's 16th,Latin Catholic,,K000376,K000376,K000376,K000376,K000376,K000376,K000376,K000376,K000376,K000376,K000376,K000376,K000376,K000376,K000376,K000376,K000376,K000376
Chris Deluzio,Democratic,Pennsylvania's 17th,Latin Catholic,,D000530,D000530,D000530,D000530,D000530,D000530,D000530,D000530,D000530,D000530,D000530,D000530,D000530,D000530,D000530,D000530,D000530,D000530
Gabe Amo,Democratic,Rhode Island's 1st,Latin Catholic,,A000380,A000380,A000380,A000380,A000380,A000380,A000380,A000380,A000380,A000380,A000380,A000380,A000380,A000380,A000380,A000380,A000380,A000380
Chuck Fleischmann,Republican,Tennessee's 3rd,Latin Catholic,,F000459,F000459,F000459,F000459,F000459,F000459,F000459,F000459,F000459,F000459,F000459,F000459,F000459,F000459,F000459,F000459,F000459,F000459
Pat Fallon,Republican,Texas's 4th,Latin Catholic,,F000246,F000246,F000246,F000246,F000246,F000246,F000246,F000246,F000246,F000246,F000246,F000246,F000246,F000246,F000246,F000246,F000246,F000246
Michael McCaul,Republican,Texas's 10th,Latin Catholic,,M001157,M001157,M001157,M001157,M001157,M001157,M001157,M001157,M001157,M001157,M001157,M001157,M001157,M001157,M001157,M001157,M001157,M001157
Veronica Escobar,Democratic,Texas's 16th,Latin Catholic,,E000299,E000299,E000299,E000299,E000299,E000299,E000299,E000299,E000299,E000299,E000299,E000299,E000299,E000299,E000299,E000299,E000299,E000299
Joaquin Castro,Democratic,Texas's 20th,Latin Catholic,,C001091,C001091,C001091,C001091,C001091,C001091,C001091,C001091,C001091,C001091,C001091,C001091,C001091,C001091,C001091,C001091,C001091,C001091
Tony Gonzales,Republican,Texas's 23rd,Latin Catholic,,G000594,G000594,G000594,G000594,G000594,G000594,G000594,G000594,G000594,G000594,G000594,G000594,G000594,G000594,G000594,G000594,G000594,G000594
Henry Cuellar,Democratic,Texas's 28th,Latin Catholic,,C001063,C001063,C001063,C001063,C001063,C001063,C001063,C001063,C001063,C001063,C001063,C001063,C001063,C001063,C001063,C001063,C001063,C001063
Sylvia Garcia,Democratic,Texas's 29th,Latin Catholic,,G000587,G000587,G000587,G000587,G000587,G000587,G000587,G000587,G000587,G000587,G000587,G000587,G000587,G000587,G000587,G000587,G000587,G000587
Vicente Gonzalez,Democratic,Texas's 34th,Latin Catholic,,G000581,G000581,G000581,G000581,G000581,G000581,G000581,G000581,G000581,G000581,G000581,G000581,G000581,G000581,G000581,G000581,G000581,G000581
Greg Casar,Democratic,Texas's 35th,Latin Catholic,,C001131,C001131,C001131,C001131,C001131,C001131,C001131,C001131,C001131,C001131,C001131,C001131,C001131,C001131,C001131,C001131,C001131,C001131
Jen Kiggans,Republican,Virginia's 2nd,Latin Catholic,,K000399,K000399,K000399,K000399,K000399,K000399,K000399,K000399,K000399,K000399,K000399,K000399,K000399,K000399,K000399,K000399,K000399,K000399
Ben Cline,Republican,Virginia's 6th,Latin Catholic,,C001118,C001118,C001118,C001118,C001118,C001118,C001118,C001118,C001118,C001118,C001118,C001118,C001118,C001118,C001118,C001118,C001118,C001118
Gerry Connolly,Democratic,Virginia's 11th,Latin Catholic,,C001078,C001078,C001078,C001078,C001078,C001078,C001078,C001078,C001078,C001078,C001078,C001078,C001078,C001078,C001078,C001078,C001078,C001078
Alex Mooney,Republican,West Virginia's 2nd,Latin Catholic,,M001195,M001195,M001195,M001195,M001195,M001195,M001195,M001195,M001195,M001195,M001195,M001195,M001195,M001195,M001195,M001195,M001195,M001195
Bryan Steil,Republican,Wisconsin's 1st,Latin Catholic,,S001213,S001213,S001213,S001213,S001213,S001213,S001213,S001213,S001213,S001213,S001213,S001213,S001213,S001213,S001213,S001213,S001213,S001213
Scott L. Fitzgerald,Republican,Wisconsin's 5th,Latin Catholic,,F000471,F000471,F000471,F000471,F000471,F000471,F000471,F000471,F000471,F000471,F000471,F000471,F000471,F000471,F000471,F000471,F000471,F000471
Mike Gallagher,Republican,Wisconsin's 8th,Latin Catholic,,G000579,G000579,G000579,G000579,G000579,G000579,G000579,G000579,G000579,G000579,G000579,G000579,G000579,G000579,G000579,G000579,G000579,G000579
Darrell Issa,Republican,California's 48th,Antiochian Orthodox,,I000056,I000056,I000056,I000056,I000056,I000056,I000056,I000056,I000056,I000056,I000056,I000056,I000056,I000056,I000056,I000056,I000056,I000056
Gus Bilirakis,Republican,Florida's 12th,Greek Orthodox,,B001257,B001257,B001257,B001257,B001257,B001257,B001257,B001257,B001257,B001257,B001257,B001257,B001257,B001257,B001257,B001257,B001257,B001257
John Sarbanes,Democratic,Maryland's 3rd,Greek Orthodox,,S001168,S001168,S001168,S001168,S001168,S001168,S001168,S001168,S001168,S001168,S001168,S001168,S001168,S001168,S001168,S001168,S001168,S001168
Chris Pappas,Democratic,New Hampshire's 1st,Greek Orthodox,,P000614,P000614,P000614,P000614,P000614,P000614,P000614,P000614,P000614,P000614,P000614,P000614,P000614,P000614,P000614,P000614,P000614,P000614
Nicole Malliotakis,Republican,New York's 11th,Greek Orthodox,,M000317,M000317,M000317,M000317,M000317,M000317,M000317,M000317,M000317,M000317,M000317,M000317,M000317,M000317,M000317,M000317,M000317,M000317
Dina Titus,Democratic,Nevada's 1st,Greek Orthodox,,T000468,T000468,T000468,T000468,T000468,T000468,T000468,T000468,T000468,T000468,T000468,T000468,T000468,T000468,T000468,T000468,T000468,T000468
Mary Peltola,Democratic,Alaska's at-large,Russian Orthodox,,P000619,P000619,P000619,P000619,P000619,P000619,P000619,P000619,P000619,P000619,P000619,P000619,P000619,P000619,P000619,P000619,P000619,P000619
Victoria Spartz,Republican,Indiana's 5th,Unspecified Eastern Orthodox,,S000929,S000929,S000929,S000929,S000929,S000929,S000929,S000929,S000929,S000929,S000929,S000929,S000929,S000929,S000929,S000929,S000929,S000929
Andy Biggs,Republican,Arizona's 5th,The Church of Jesus Christ of Latter-day Saints,,B001302,B001302,B001302,B001302,B001302,B001302,B001302,B001302,B001302,B001302,B001302,B001302,B001302,B001302,B001302,B001302,B001302,B001302
Mike Simpson,Republican,Idaho's 2nd,The Church of Jesus Christ of Latter-day Saints,,S001148,S001148,S001148,S001148,S001148,S001148,S001148,S001148,S001148,S001148,S001148,S001148,S001148,S001148,S001148,S001148,S001148,S001148
Blake Moore,Republican,Utah's 1st,The Church of Jesus Christ of Latter-day Saints,,M001213,M001213,M001213,M001213,M001213,M001213,M001213,M001213,M001213,M001213,M001213,M001213,M001213,M001213,M001213,M001213,M001213,M001213
Celeste Maloy,Republican,Utah's 2nd,The Church of Jesus Christ of Latter-day Saints,,M001228,M001228,M001228,M001228,M001228,M001228,M001228,M001228,M001228,M001228,M001228,M001228,M001228,M001228,M001228,M001228,M001228,M001228
John Curtis,Republican,Utah's 3rd,The Church of Jesus Christ of Latter-day Saints,,C001114,C001114,C001114,C001114,C001114,C001114,C001114,C001114,C001114,C001114,C001114,C001114,C001114,C001114,C001114,C001114,C001114,C001114
Burgess Owens,Republican,Utah's 4th,The Church of Jesus Christ of Latter-day Saints,,O000086,O000086,O000086,O000086,O000086,O000086,O000086,O000086,O000086,O000086,O000086,O000086,O000086,O000086,O000086,O000086,O000086,O000086
Anna Paulina Luna,Republican,Florida's 13th,Messianic Jewish,Self-describes as a Christian,L000596,L000596,L000596,L000596,L000596,L000596,L000596,L000596,L000596,L000596,L000596,L000596,L000596,L000596,L000596,L000596,L000596,L000596
Adam Schiff,Democratic,California's 30th,Jewish,,S001150,S001150,S001150,S001150,S001150,S001150,S001150,S001150,S001150,S001150,S001150,S001150,S001150,S001150,S001150,S001150,S001150,S001150
Brad Sherman,Democratic,California's 32nd,Jewish,,S000344,S000344,S000344,S000344,S000344,S000344,S000344,S000344,S000344,S000344,S000344,S000344,S000344,S000344,S000344,S000344,S000344,S000344
Sara Jacobs,Democratic,California's 51st,Jewish,,J000305,J000305,J000305,J000305,J000305,J000305,J000305,J000305,J000305,J000305,J000305,J000305,J000305,J000305,J000305,J000305,J000305,J000305
Lois Frankel,Democratic,Florida's 22nd,Jewish,,F000462,F000462,F000462,F000462,F000462,F000462,F000462,F000462,F000462,F000462,F000462,F000462,F000462,F000462,F000462,F000462,F000462,F000462
Jared Moskowitz,Democratic,Florida's 23rd,Jewish,,M001217,M001217,M001217,M001217,M001217,M001217,M001217,M001217,M001217,M001217,M001217,M001217,M001217,M001217,M001217,M001217,M001217,M001217
Debbie Wasserman Schultz,Democratic,Florida's 25th,Jewish,,W000797,W000797,W000797,W000797,W000797,W000797,W000797,W000797,W000797,W000797,W000797,W000797,W000797,W000797,W000797,W000797,W000797,W000797
Jan Schakowsky,Democratic,Illinois's 9th,Jewish,,S001145,S001145,S001145,S001145,S001145,S001145,S001145,S001145,S001145,S001145,S001145,S001145,S001145,S001145,S001145,S001145,S001145,S001145
Brad Schneider,Democratic,Illinois's 10th,Jewish,,S001190,S001190,S001190,S001190,S001190,S001190,S001190,S001190,S001190,S001190,S001190,S001190,S001190,S001190,S001190,S001190,S001190,S001190
Jamie Raskin,Democratic,Maryland's 8th,Jewish,,R000606,R000606,R000606,R000606,R000606,R000606,R000606,R000606,R000606,R000606,R000606,R000606,R000606,R000606,R000606,R000606,R000606,R000606
Jake Auchincloss,Democratic,Massachusetts's 4th,Jewish,,A000148,A000148,A000148,A000148,A000148,A000148,A000148,A000148,A000148,A000148,A000148,A000148,A000148,A000148,A000148,A000148,A000148,A000148
Elissa Slotkin,Democratic,Michigan's 7th,Jewish,,S001208,S001208,S001208,S001208,S001208,S001208,S001208,S001208,S001208,S001208,S001208,S001208,S001208,S001208,S001208,S001208,S001208,S001208
Dean Phillips,Democratic,Minnesota's 3rd,Jewish,,P000616,P000616,P000616,P000616,P000616,P000616,P000616,P000616,P000616,P000616,P000616,P000616,P000616,P000616,P000616,P000616,P000616,P000616
Josh Gottheimer,Democratic,New Jersey's 5th,Jewish,,G000583,G000583,G000583,G000583,G000583,G000583,G000583,G000583,G000583,G000583,G000583,G000583,G000583,G000583,G000583,G000583,G000583,G000583
Dan Goldman,Democratic,New York's 10th,Jewish,,G000599,G000599,G000599,G000599,G000599,G000599,G000599,G000599,G000599,G000599,G000599,G000599,G000599,G000599,G000599,G000599,G000599,G000599
Jerry Nadler,Democratic,New York's 12th,Jewish,,N000002,N000002,N000002,N000002,N000002,N000002,N000002,N000002,N000002,N000002,N000002,N000002,N000002,N000002,N000002,N000002,N000002,N000002
Kathy Manning,Democratic,North Carolina's 6th,Jewish,,M001135,M001135,M001135,M001135,M001135,M001135,M001135,M001135,M001135,M001135,M001135,M001135,M001135,M001135,M001135,M001135,M001135,M001135
Greg Landsman,Democratic,Ohio's 1st,Jewish,,L000601,L000601,L000601,L000601,L000601,L000601,L000601,L000601,L000601,L000601,L000601,L000601,L000601,L000601,L000601,L000601,L000601,L000601
Max Miller,Republican,Ohio's 7th,Jewish,,M001222,M001222,M001222,M001222,M001222,M001222,M001222,M001222,M001222,M001222,M001222,M001222,M001222,M001222,M001222,M001222,M001222,M001222
Suzanne Bonamici,Democratic,Oregon's 1st,Jewish,She was raised Episcopalian and Unitarian.,B001278,B001278,B001278,B001278,B001278,B001278,B001278,B001278,B001278,B001278,B001278,B001278,B001278,B001278,B001278,B001278,B001278,B001278
Susan Wild,Democratic,Pennsylvania's 7th,Jewish,,W000826,W000826,W000826,W000826,W000826,W000826,W000826,W000826,W000826,W000826,W000826,W000826,W000826,W000826,W000826,W000826,W000826,W000826
David Kustoff,Republican,Tennessee's 8th,Jewish,,K000392,K000392,K000392,K000392,K000392,K000392,K000392,K000392,K000392,K000392,K000392,K000392,K000392,K000392,K000392,K000392,K000392,K000392
Steve Cohen,Democratic,Tennessee's 9th,Jewish,,C001068,C001068,C001068,C001068,C001068,C001068,C001068,C001068,C001068,C001068,C001068,C001068,C001068,C001068,C001068,C001068,C001068,C001068
Becca Balint,Democratic,Vermont's at-large,Jewish,,B001318,B001318,B001318,B001318,B001318,B001318,B001318,B001318,B001318,B001318,B001318,B001318,B001318,B001318,B001318,B001318,B001318,B001318
Kim Schrier,Democratic,Washington's 8th,Jewish,,S001216,S001216,S001216,S001216,S001216,S001216,S001216,S001216,S001216,S001216,S001216,S001216,S001216,S001216,S001216,S001216,S001216,S001216
André Carson,Democratic,Indiana's 7th,Sunni Islam,Raised Baptist and attended a Catholic school.,C001072,C001072,C001072,C001072,C001072,C001072,C001072,C001072,C001072,C001072,C001072,C001072,C001072,C001072,C001072,C001072,C001072,C001072
Rashida Tlaib,Democratic,Michigan's 12th,Sunni Islam,,T000481,T000481,T000481,T000481,T000481,T000481,T000481,T000481,T000481,T000481,T000481,T000481,T000481,T000481,T000481,T000481,T000481,T000481
Ilhan Omar,Democratic,Minnesota's 5th,Islam,,O000173,O000173,O000173,O000173,O000173,O000173,O000173,O000173,O000173,O000173,O000173,O000173,O000173,O000173,O000173,O000173,O000173,O000173
Ami Bera,Democratic,California's 6th,Unitarian Universalism,"Raised Hindu. Reportedly ""samples different churches every Sunday.""",B001287,B001287,B001287,B001287,B001287,B001287,B001287,B001287,B001287,B001287,B001287,B001287,B001287,B001287,B001287,B001287,B001287,B001287
Judy Chu,Democratic,California's 28th,Unitarian Universalism,"In a previous survey, Chu did not answer the religion question.",C001080,C001080,C001080,C001080,C001080,C001080,C001080,C001080,C001080,C001080,C001080,C001080,C001080,C001080,C001080,C001080,C001080,C001080
Deborah K. Ross,Democratic,North Carolina's 2nd,Unitarian Universalism,,R000305,R000305,R000305,R000305,R000305,R000305,R000305,R000305,R000305,R000305,R000305,R000305,R000305,R000305,R000305,R000305,R000305,R000305
Ro Khanna,Democratic,California's 17th,Hinduism,,K000389,K000389,K000389,K000389,K000389,K000389,K000389,K000389,K000389,K000389,K000389,K000389,K000389,K000389,K000389,K000389,K000389,K000389
Raja Krishnamoorthi,Democratic,Illinois's 8th,Hinduism,,K000391,K000391,K000391,K000391,K000391,K000391,K000391,K000391,K000391,K000391,K000391,K000391,K000391,K000391,K000391,K000391,K000391,K000391
Hank Johnson,Democratic,Georgia's 4th,Buddhist,,J000288,J000288,J000288,J000288,J000288,J000288,J000288,J000288,J000288,J000288,J000288,J000288,J000288,J000288,J000288,J000288,J000288,J000288
Brittany Pettersen,Democratic,Colorado's 7th,Unknown/refused to state,,P000620,P000620,P000620,P000620,P000620,P000620,P000620,P000620,P000620,P000620,P000620,P000620,P000620,P000620,P000620,P000620,P000620,P000620
Sean Casten,Democratic,Illinois's 6th,Unknown/refused to state,,C001117,C001117,C001117,C001117,C001117,C001117,C001117,C001117,C001117,C001117,C001117,C001117,C001117,C001117,C001117,C001117,C001117,C001117
Bill Foster,Democratic,Illinois's 11th,Unknown/refused to state,,F000454,F000454,F000454,F000454,F000454,F000454,F000454,F000454,F000454,F000454,F000454,F000454,F000454,F000454,F000454,F000454,F000454,F000454
Nikki Budzinski,Democratic,Illinois's 13th,Unknown/refused to state,,B001315,B001315,B001315,B001315,B001315,B001315,B001315,B001315,B001315,B001315,B001315,B001315,B001315,B001315,B001315,B001315,B001315,B001315
Sharice Davids,Democratic,Kansas's 3rd,Unknown/refused to state,,D000629,D000629,D000629,D000629,D000629,D000629,D000629,D000629,D000629,D000629,D000629,D000629,D000629,D000629,D000629,D000629,D000629,D000629
Jared Golden,Democratic,Maine's 2nd,Unknown/refused to state,Unspecified Christian,G000592,G000592,G000592,G000592,G000592,G000592,G000592,G000592,G000592,G000592,G000592,G000592,G000592,G000592,G000592,G000592,G000592,G000592
Melanie Stansbury,Democratic,New Mexico's 1st,Unknown/refused to state,,S001218,S001218,S001218,S001218,S001218,S001218,S001218,S001218,S001218,S001218,S001218,S001218,S001218,S001218,S001218,S001218,S001218,S001218
Jamaal Bowman,Democratic,New York's 16th,Unknown/refused to state,,B001223,B001223,B001223,B001223,B001223,B001223,B001223,B001223,B001223,B001223,B001223,B001223,B001223,B001223,B001223,B001223,B001223,B001223
Earl Blumenauer,Democratic,Oregon's 3rd,Unknown/refused to state,,B000574,B000574,B000574,B000574,B000574,B000574,B000574,B000574,B000574,B000574,B000574,B000574,B000574,B000574,B000574,B000574,B000574,B000574
Chrissy Houlahan,Democratic,Pennsylvania's 6th,Unknown/refused to state,"Although she is of Jewish origin on her father's side, she does not identify herself as such.",H001085,H001085,H001085,H001085,H001085,H001085,H001085,H001085,H001085,H001085,H001085,H001085,H001085,H001085,H001085,H001085,H001085,H001085
Seth Magaziner,Democratic,Rhode Island's 2nd,Unknown/refused to state,"His father is Jewish, his mother Catholic.",M001223,M001223,M001223,M001223,M001223,M001223,M001223,M001223,M001223,M001223,M001223,M001223,M001223,M001223,M001223,M001223,M001223,M001223
Jennifer Wexton,Democratic,Virginia's 10th,Unknown/refused to state,"She grew up as a Catholic; she married her husband, of Jewish faith, in a mixed ceremony officiated by a rabbi and a Catholic priest.",W000825,W000825,W000825,W000825,W000825,W000825,W000825,W000825,W000825,W000825,W000825,W000825,W000825,W000825,W000825,W000825,W000825,W000825
Pramila Jayapal,Democratic,Washington's 7th,Unknown/refused to state,,J000298,J000298,J000298,J000298,J000298,J000298,J000298,J000298,J000298,J000298,J000298,J000298,J000298,J000298,J000298,J000298,J000298,J000298
Mark Pocan,Democratic,Wisconsin's 2nd,Unknown/refused to state,,P000607,P000607,P000607,P000607,P000607,P000607,P000607,P000607,P000607,P000607,P000607,P000607,P000607,P000607,P000607,P000607,P000607,P000607
Jared Huffman,Democratic,California's 2nd,Secular humanist/agnostic,"Raised in the Reorganized Church of Jesus Christ of Latter Day Saints (RLDS), he lost faith at age 19. Does not describe himself as an atheist, instead saying he is ""a humanist, [perhaps an] agnostic.""",H001068,H001068,H001068,H001068,H001068,H001068,H001068,H001068,H001068,H001068,H001068,H001068,H001068,H001068,H001068,H001068,H001068,H001068
